item_id,attendee_id,date_purchased
G9WMY,PO4Q4,7/11/2022
H7MCZ,PO4Q4,7/11/2022
NOF67,PO4Q4,7/11/2022
B210B,PO4Q4,7/11/2022
AOXEJ,PO4Q4,7/11/2022
L3H4W,PO4Q4,7/11/2022
G8TKY,PO4Q4,7/11/2022
BZEEI,PO4Q4,7/11/2022
7DY0A,PO4Q4,7/11/2022
J2ZL0,PO4Q4,7/11/2022
23ANT,PO4Q4,7/11/2022
RBHRC,PO4Q4,7/11/2022
FCEQT,PO4Q4,7/11/2022
N8G08,PO4Q4,7/11/2022
3I9TW,PO4Q4,7/11/2022
NBW4Z,3BADC,10/19/2022
SOJSM,3BADC,10/19/2022
NL2WY,5D94C,7/4/2022
FLXDL,3BADC,10/19/2022
9135Q,HLQ7U,6/15/2022
OZ9O3,HLQ7U,6/15/2022
FN7WM,HLQ7U,6/15/2022
EA352,HLQ7U,6/15/2022
N2E19,HLQ7U,6/15/2022
MS263,HLQ7U,6/15/2022
861DH,HLQ7U,6/15/2022
UOX4S,HLQ7U,6/15/2022
IN5NP,HLQ7U,6/15/2022
TAO9K,HLQ7U,6/15/2022
YDNCU,HLQ7U,6/15/2022
DJWB5,HLQ7U,6/15/2022
JWTLV,HLQ7U,6/15/2022
6JFVP,HLQ7U,6/15/2022
3JCQV,HLQ7U,6/15/2022
ZVR5Z,5C0M1,9/26/2022
W5DBR,5C0M1,9/26/2022
P8WKJ,5C0M1,9/26/2022
Z1KAJ,5C0M1,9/26/2022
EKH68,5C0M1,9/26/2022
1JA6J,5C0M1,9/26/2022
W5BPP,5C0M1,9/26/2022
E1ZRQ,5C0M1,9/26/2022
YC3WI,5C0M1,9/26/2022
H84CU,5C0M1,9/26/2022
II4C7,5C0M1,9/26/2022
MQUQQ,5C0M1,9/26/2022
Q6S50,5C0M1,9/26/2022
3P37K,5C0M1,9/26/2022
W2VY6,OW0EP,3/22/2022
0DTYD,OW0EP,3/22/2022
30LB3,OW0EP,3/22/2022
AU395,OW0EP,3/22/2022
J7SCA,OW0EP,3/22/2022
4ZCOP,OW0EP,3/22/2022
KAYLJ,OW0EP,3/22/2022
VPIX6,OW0EP,3/22/2022
P4ZEQ,OW0EP,3/22/2022
DJZB0,OW0EP,3/22/2022
S6HXW,OW0EP,3/22/2022
CS91C,OW0EP,3/22/2022
E189I,OW0EP,3/22/2022
0QKV6,OW0EP,3/22/2022
0GJJA,OW0EP,3/22/2022
4UG2X,F95B8,4/15/2022
70N2Z,F95B8,4/15/2022
63C4G,F95B8,4/15/2022
J3EE4,F95B8,4/15/2022
DI9MA,F95B8,4/15/2022
O5TRO,F95B8,4/15/2022
YJOSM,F95B8,4/15/2022
W1RWZ,F95B8,4/15/2022
YY363,F95B8,4/15/2022
1DC0F,F95B8,4/15/2022
MF3MA,F28UM,2/24/2022
UIR9A,VM6YE,9/15/2022
M69W2,VM6YE,9/15/2022
SCBAR,PRQGM,10/28/2022
Y0ROQ,VM6YE,9/15/2022
YBPFT,QN8ZE,3/5/2022
14DK7,VM6YE,9/15/2022
KP9IK,VM6YE,9/15/2022
Y875G,VM6YE,9/15/2022
WZQEK,VM6YE,9/15/2022
I6SAJ,VM6YE,9/15/2022
T2I4S,0ZK3C,10/27/2022
6K6I7,VM6YE,9/15/2022
QANLL,VM6YE,9/15/2022
WF1HB,VM6YE,9/15/2022
60OAD,VM6YE,9/15/2022
MDVIU,VM6YE,9/15/2022
20K0I,VM6YE,9/15/2022
68EAC,VM6YE,9/15/2022
ODN0B,VM6YE,9/15/2022
INKF4,VM6YE,9/15/2022
6IHVA,VM6YE,9/15/2022
7FFU2,VM6YE,9/15/2022
JJCYH,VM6YE,9/15/2022
6CYXV,IDZE3,10/12/2022
WCXLV,IDZE3,3/25/2022
KC47K,IDZE3,3/25/2022
U1J61,IDZE3,3/25/2022
UPJQ9,IDZE3,3/25/2022
F85NS,IDZE3,3/25/2022
2T904,IDZE3,3/25/2022
GPBCG,IDZE3,3/25/2022
IIOQ5,IDZE3,3/25/2022
IRFRO,IDZE3,3/25/2022
OL3U2,IDZE3,3/25/2022
NS9ZE,IDZE3,3/25/2022
8MLEQ,IDZE3,3/25/2022
T270N,IDZE3,3/25/2022
GY0E9,IDZE3,3/25/2022
1ZQ4B,IDZE3,3/25/2022
34FRS,IDZE3,3/25/2022
I0PB5,IDZE3,3/25/2022
MMS71,IDZE3,3/25/2022
1QNHK,IDZE3,3/25/2022
GG5P7,IDZE3,3/25/2022
KPH7K,IDZE3,3/25/2022
RGR3Q,IDZE3,3/25/2022
SPNFJ,IDZE3,3/25/2022
8YMTG,IDZE3,3/25/2022
2DS61,8DO01,3/25/2022
4Q6ZI,IDZE3,10/26/2022
UMV0I,8DO01,10/26/2022
F92IG,H6C82,10/26/2022
YNQYO,785CE,7/3/2022
U43QW,96A1O,3/25/2022
BG37L,H6C82,10/26/2022
NE5IF,H6C82,10/26/2022
SECFW,H6C82,6/2/2022
5JZ1Z,96A1O,6/2/2022
PFJZX,96A1O,10/24/2022
TLK9K,T9ZSG,9/4/2022
JJDHJ,B3OWC,4/5/2022
J52AU,5FUOS,8/12/2022
VI9XK,CX5HZ,9/21/2022
7CT21,T9ZSG,9/4/2022
RMHWY,T9ZSG,9/4/2022
P8ENU,T9ZSG,9/4/2022
BDMK5,T9ZSG,9/4/2022
8OTA0,T9ZSG,9/4/2022
ZA1O1,HJYAF,10/19/2022
YLO9G,T9ZSG,9/4/2022
6WPC0,T9ZSG,9/4/2022
HSUVT,T9ZSG,9/4/2022
2XC7O,T9ZSG,9/4/2022
7L80Q,T9ZSG,9/4/2022
GR5XS,T9ZSG,9/4/2022
QKWZB,T9ZSG,9/4/2022
WLJHS,T9ZSG,9/4/2022
GI3W6,HPTBM,5/30/2022
E3LEH,HPTBM,5/30/2022
OPKGH,HPTBM,5/30/2022
6UPG9,HPTBM,5/30/2022
Q6VOV,HPTBM,5/30/2022
VQ2BV,HPTBM,5/30/2022
B8HUB,HPTBM,5/30/2022
SBE3R,HPTBM,5/30/2022
OO5QT,HPTBM,5/30/2022
GC9F1,HPTBM,5/30/2022
7D3PZ,F95B8,9/16/2022
TUE1V,HJYAF,10/19/2022
BBT3H,V5CHD,8/11/2022
ASGVF,HJYAF,10/19/2022
L9DQX,HJYAF,10/19/2022
UEWB2,HJYAF,10/19/2022
DY2YC,HJYAF,10/19/2022
GIDAQ,HJYAF,10/19/2022
7P27B,HJYAF,10/19/2022
P5851,HJYAF,10/19/2022
IVKBC,HJYAF,10/19/2022
PAXXV,HJYAF,10/19/2022
LI6HU,HJYAF,10/19/2022
LV2FX,HJYAF,10/19/2022
PAXIB,HJYAF,10/19/2022
OZ551,HJYAF,10/19/2022
B3U4W,HJYAF,10/19/2022
OAOYI,HJYAF,10/19/2022
4IBZ1,8NP1J,3/12/2022
3C0M7,29JBC,10/19/2022
KDGIQ,29JBC,3/12/2022
QG99D,29JBC,10/19/2022
Q8WJC,29JBC,3/12/2022
NU9ZJ,29JBC,10/19/2022
FGIRP,29JBC,3/12/2022
XVQ6O,29JBC,10/19/2022
SGPTE,29JBC,3/12/2022
9P1PN,HJYAF,10/4/2022
NZW1Q,8NP1J,3/12/2022
NZOSU,29JBC,10/19/2022
VB9YG,X4E1M,3/12/2022
A7G8C,X4E1M,10/19/2022
J348U,BRX62,4/8/2022
4TYA8,I1JY3,9/28/2022
5YR3V,29JBC,3/12/2022
UY5PB,HJYAF,10/4/2022
EXZJ0,8NP1J,3/12/2022
XNFUA,29JBC,10/19/2022
TFNKP,X4E1M,3/12/2022
T2RM6,X4E1M,10/19/2022
0L3NQ,BRX62,4/8/2022
2EF8S,I1JY3,9/28/2022
8WAWB,X4E1M,10/19/2022
H9DQU,BRX62,4/8/2022
OSKPM,I1JY3,9/28/2022
MNNYK,X4E1M,10/19/2022
5YRO9,BRX62,4/8/2022
Y7WR8,BRX62,5/1/2022
Y9WG6,OCSC1,6/13/2022
V08TN,OCSC1,5/1/2022
3J8RD,HZLY8,5/1/2022
K3CH7,29JBC,3/12/2022
3TBV8,HJYAF,10/4/2022
V4OYV,8NP1J,3/12/2022
MK4DM,29JBC,10/19/2022
H0V6O,X4E1M,3/12/2022
7JTSO,X4E1M,10/19/2022
Z4YDL,BRX62,4/8/2022
14NRE,I1JY3,9/28/2022
PCOU6,IHYZO,10/13/2022
OWG8Z,29JBC,3/12/2022
LEQ1T,HJYAF,10/4/2022
QIFHM,8NP1J,3/12/2022
IIYX7,29JBC,10/19/2022
C8UMU,X4E1M,3/12/2022
4HN2S,X4E1M,10/19/2022
QTEEF,BRX62,4/8/2022
ZSBPW,I1JY3,9/28/2022
AZQPB,TIQQA,7/13/2022
64ORQ,BRX62,4/8/2022
E0MLN,I1JY3,9/28/2022
4TGBC,IHYZO,10/13/2022
DT894,29JBC,3/12/2022
YV0WJ,HJYAF,10/4/2022
TCM7S,8NP1J,3/12/2022
8LXVO,1XG6O,8/30/2022
IO9A8,BRX62,4/8/2022
PWHNO,I1JY3,9/28/2022
1YRNW,IHYZO,10/13/2022
4D0LB,29JBC,3/12/2022
VNPK2,HJYAF,10/4/2022
T8P6V,8NP1J,3/12/2022
IPKWV,I1JY3,9/28/2022
28YTO,IHYZO,10/13/2022
D3L74,29JBC,3/12/2022
ZE5UW,HJYAF,10/4/2022
1YSU4,8NP1J,3/12/2022
IDTQO,1XG6O,8/30/2022
UVS1V,BRX62,4/8/2022
C228J,TWDIW,5/28/2022
