reviewer_id,reviewee_id,content,review_rating,date_reviewed
Y0FAM,E9K7C,,5,5/30/2022
Y0FAM,O9NN6,,2,10/22/2022
Y0FAM,LZLDV,3,4,6/13/2022
55M8O,TH583,,3,1/16/2022
55M8O,4CXZQ,,3,4/11/2022
55M8O,U29GK,,3,7/18/2022
DG4JB,MQBSG,,2,7/8/2022
DG4JB,CJZRT,,5,6/7/2022
DG4JB,EGA3T,,1,4/28/2022
CT9EA,H2NH0,2,5,7/5/2022
CT9EA,N7TIV,,2,5/20/2022
CT9EA,6PA04,1,5,8/15/2022
OYWI5,Z6UIX,,4,3/26/2022
OYWI5,UVBIT,,4,7/16/2022
OYWI5,PRBZA,,4,2/24/2022
1IN21,AXYFV,1,3,4/20/2022
1IN21,O83AN,4,2,2/24/2022
1IN21,5PQAC,,1,10/21/2022
ZHZW5,9EN65,,2,2/6/2022
ZHZW5,C0UHU,4,1,8/29/2022
ZHZW5,JCCF8,,4,4/8/2022
XAEMH,BQ74R,1,5,7/26/2022
XAEMH,0V5C9,,4,10/1/2022
XAEMH,PRBZA,2,2,8/22/2022
BLIBV,SEOMV,,4,2/27/2022
BLIBV,X9W2Z,,2,5/1/2022
BLIBV,GV6M6,1,4,2/8/2022
40KS6,W2FN3,,5,10/11/2022
40KS6,XU609,2,3,1/29/2022
40KS6,FWVAJ,,3,9/23/2022
8XKTJ,Z49UX,,3,5/9/2022
8XKTJ,NKKLD,1,5,7/3/2022
8XKTJ,6F0TV,1,3,8/6/2022
ZW64O,OZBPO,3,4,2/9/2022
ZW64O,LV4UC,2,3,5/18/2022
ZW64O,G9Q2G,,4,6/18/2022
PW40B,HQSNA,2,5,5/3/2022
PW40B,E9K7C,3,2,8/26/2022
PW40B,L18JT,4,2,9/6/2022
YM05M,JWXSS,2,5,3/21/2022
YM05M,IBCNI,4,5,8/3/2022
YM05M,K5CLT,,4,7/5/2022
IJBH1,OREG1,,2,6/21/2022
IJBH1,SGSRE,5,2,7/22/2022
IJBH1,2LOF1,,1,4/12/2022
TGLI2,8EBHM,,5,1/25/2022
TGLI2,G9Q2G,,1,8/2/2022
TGLI2,0HGJC,,5,1/6/2022
0WZQE,EJ2DW,,5,2/6/2022
0WZQE,X7OBY,1,5,10/7/2022
0WZQE,NKKLD,,3,6/4/2022
NQ2V5,IJI6N,,4,10/3/2022
NQ2V5,K3MXR,2,2,9/17/2022
NQ2V5,6PA04,5,4,8/31/2022
EDSO3,SGSRE,2,4,1/1/2022
EDSO3,61A69,1,4,8/26/2022
EDSO3,6NS86,2,4,7/11/2022
ILH54,3M1YI,,2,5/10/2022
ILH54,670AO,5,5,4/5/2022
ILH54,1MXH9,,1,10/11/2022
TLGJQ,DNCLE,,2,5/7/2022
TLGJQ,KVQRA,,3,10/1/2022
ZNF0R,QR19G,,4,3/16/2022
ZNF0R,H7FKP,,2,8/9/2022
ZNF0R,SEOMV,4,3,3/28/2022
L72RV,OTAU7,2,4,4/3/2022
L72RV,2SZAM,5,5,2/25/2022
L72RV,K3UHS,,4,7/30/2022
VR7T2,DI0C5,,3,6/23/2022
VR7T2,6P3VN,,5,2/5/2022
VR7T2,MRY5A,4,3,2/1/2022
F9R3A,PV7VX,,1,5/5/2022
F9R3A,OE791,4,5,7/17/2022
F9R3A,YAK94,,5,7/10/2022
H5KYO,3QPJE,,4,2/12/2022
H5KYO,C0UHU,5,3,4/28/2022
H5KYO,Y4HF3,,2,8/3/2022
PFO1U,6EBHW,1,1,4/24/2022
PFO1U,FZ6BO,5,1,10/2/2022
PFO1U,SB3L6,,2,2/18/2022
DGIQS,08KUN,5,3,8/1/2022
DGIQS,WDR82,,4,5/10/2022
DGIQS,4FD3N,,4,7/29/2022
F28UM,BKW17,2,3,3/20/2022
F28UM,449OC,1,4,8/23/2022
F28UM,JZ1WL,,5,8/1/2022
KGX0O,4UMXE,3,4,8/17/2022
KGX0O,QMNGC,4,1,4/22/2022
KGX0O,Z0LJU,,5,6/22/2022
EGS01,4FD3N,,5,2/5/2022
EGS01,C1NTG,,3,8/20/2022
EGS01,8K3RE,4,3,5/30/2022
1OQRH,7CIPO,,5,5/4/2022
1OQRH,PBHFC,1,3,8/12/2022
1OQRH,OREG1,4,2,4/5/2022
YY9SM,87CKX,5,4,4/23/2022
YY9SM,QMHWG,,5,3/13/2022
YY9SM,F1I7H,4,4,3/15/2022
V8GKC,51WHM,,5,3/14/2022
V8GKC,GQM6L,,3,1/13/2022
V8GKC,T40C2,,3,8/26/2022
S1V3H,AWXDQ,,4,9/13/2022
S1V3H,VJL5E,3,4,4/11/2022
S1V3H,IXU4J,1,5,7/5/2022
DGJ85,SB3L6,2,3,1/27/2022
DGJ85,IUWG8,,1,2/4/2022
DGJ85,PHPNC,1,2,9/21/2022
PPOCS,3FKG7,,3,10/22/2022
PPOCS,TYD9O,,5,2/20/2022
PPOCS,5PQAC,2,4,2/28/2022
34K6O,U4K0S,4,3,1/16/2022
34K6O,OE791,,4,2/1/2022
34K6O,HQSNA,,5,9/29/2022
XLZ45,5XI94,1,5,7/29/2022
XLZ45,NCDRU,,5,9/23/2022
XLZ45,9CR7S,,5,6/1/2022
E5UW1,QWAWV,,5,10/1/2022
E5UW1,Y1GW1,,5,7/23/2022
1HZAS,FYQCT,,4,7/22/2022
1HZAS,OFOQB,4,3,4/2/2022
1HZAS,HGTUB,,1,3/25/2022
B0WMN,NL2WY,,2,9/21/2022
B0WMN,UOQ2K,,5,8/18/2022
B0WMN,P8DKB,,5,6/12/2022
XK3GJ,UADIT,,4,8/14/2022
XK3GJ,G06XS,,5,4/17/2022
XK3GJ,6A1CR,,4,6/24/2022
GT3TI,MABWW,,1,7/11/2022
GT3TI,U5R93,,3,9/7/2022
1HKQM,AU687,,2,9/29/2022
1HKQM,6ZG2P,,3,5/19/2022
1HKQM,PZXJ8,4,2,2/1/2022
WLPL6,OFOQB,4,4,5/6/2022
WLPL6,W7QGR,,3,8/26/2022
WLPL6,E9K7C,5,5,2/14/2022
MDCRW,C8HL5,,4,7/8/2022
MDCRW,1E2BT,,4,8/16/2022
MDCRW,UHYY9,,3,9/2/2022
P34SI,3LLAJ,3,4,5/11/2022
P34SI,85TQL,,4,3/15/2022
P34SI,CTMHY,2,4,4/5/2022
X3L0S,TYD9O,1,4,1/7/2022
X3L0S,08KUN,,4,10/12/2022
X3L0S,T40C2,,3,4/16/2022
WIWT3,XZJXD,2,2,2/15/2022
WIWT3,HQSNA,5,5,10/1/2022
WIWT3,231ZN,,2,3/27/2022
SRXC0,Q9QW3,1,2,5/25/2022
SRXC0,BBHBZ,,4,3/8/2022
SRXC0,HSQAJ,1,4,5/10/2022
YE3NU,519G2,4,5,6/15/2022
YE3NU,IBCNI,,2,1/25/2022
YE3NU,Y1GW1,,3,2/9/2022
CC7BL,WUSF0,,5,2/26/2022
CC7BL,VZNU6,,2,9/28/2022
CC7BL,9FJ8S,2,3,3/26/2022
IHE8P,RYVDX,,5,1/18/2022
IHE8P,XMWLA,3,2,8/11/2022
IHE8P,CZ859,,5,9/4/2022
FQGYY,LJNGC,,5,7/27/2022
FQGYY,SW1FA,4,3,8/22/2022
FQGYY,U3D5E,,2,9/22/2022
8DXG1,BX2PI,,5,1/29/2022
8DXG1,FWB4W,4,2,1/11/2022
8DXG1,D73LI,,4,2/18/2022
3200F,HQSNA,,2,9/4/2022
3200F,KGD5Z,4,4,3/15/2022
3200F,HYR8F,5,2,8/24/2022
N5FGR,Y2ZFL,3,4,8/12/2022
N5FGR,BL4U8,,5,2/16/2022
N5FGR,HYR8F,5,3,6/1/2022
05TT7,3LLAJ,,1,2/5/2022
05TT7,KGD5Z,,1,5/24/2022
05TT7,V20LN,1,2,2/15/2022
6IKGL,T40C2,2,3,1/15/2022
XE0RZ,0QEPM,,2,3/17/2022
XE0RZ,DZC76,,5,3/13/2022
XE0RZ,IBCNI,,3,10/6/2022
5EICG,JY3X4,2,4,2/18/2022
5EICG,K5CLT,,5,7/6/2022
5EICG,PV7VX,,1,3/23/2022
ER7HT,X342E,,2,10/10/2022
ER7HT,CGC2X,,2,1/24/2022
ER7HT,61A69,,3,9/21/2022
5XGBY,HGTUB,2,4,1/9/2022
5XGBY,UDZHR,5,5,7/31/2022
5XGBY,QX1AY,,1,6/15/2022
6Z0GW,RJWPA,,2,8/30/2022
6Z0GW,XYUHX,,4,2/9/2022
6Z0GW,ZTLSE,,3,4/11/2022
NEW1K,X1CL7,,4,1/28/2022
NEW1K,T21O4,,2,3/27/2022
NEW1K,QMHWG,,4,1/28/2022
GFNR1,61A69,4,5,9/9/2022
GFNR1,BHDQW,,5,4/27/2022
GFNR1,DI0C5,3,3,5/17/2022
HBAFR,QQB6Q,,5,6/19/2022
HBAFR,J83G9,3,5,3/12/2022
HBAFR,92I2Y,,5,1/24/2022
QS8TO,Y4HF3,,5,7/15/2022
QS8TO,4PJSD,1,5,7/1/2022
QS8TO,QLECR,2,2,1/16/2022
U4LP6,JWXSS,,4,8/20/2022
U4LP6,6KXC3,3,3,2/9/2022
U4LP6,8X3PV,1,3,9/29/2022
8AQG4,E189I,,4,6/1/2022
8AQG4,6GSGP,,5,3/19/2022
8AQG4,P35EW,,2,4/12/2022
THO1P,0QEPM,,1,5/20/2022
THO1P,PRBZA,,1,10/12/2022
THO1P,QTM9A,2,1,7/2/2022
011WF,3KFLS,,5,8/10/2022
011WF,20AR2,,5,3/7/2022
011WF,LV4UC,,5,9/28/2022
JMFY4,0YU61,,4,9/19/2022
JMFY4,0C7T4,,4,3/20/2022
JMFY4,YAK94,4,3,10/26/2022
LT1QA,3KFLS,,3,1/23/2022
LT1QA,QN99Y,,2,9/20/2022
LT1QA,BW3MU,,2,3/3/2022
8XTIF,KR138,,1,3/4/2022
8XTIF,FQUO1,4,4,5/13/2022
8XTIF,QWAWV,,2,7/25/2022
YWTAO,4Z5VC,,3,4/8/2022
YWTAO,426K8,,1,2/15/2022
YWTAO,PB6Z6,4,5,8/20/2022
VN9RX,36SYH,,5,6/21/2022
VN9RX,ZB7CT,4,1,9/16/2022
VN9RX,MQBSG,3,5,3/9/2022
ELMVL,V1RZB,5,1,1/6/2022
ELMVL,IJI6N,3,5,7/3/2022
ELMVL,WSHUH,,5,9/22/2022
0MSFY,P35EW,,4,6/9/2022
0MSFY,T02WF,,4,8/10/2022
0MSFY,6FWZI,2,4,7/17/2022
RK6DU,WDR82,5,2,5/1/2022
RK6DU,Z0LJU,,5,9/10/2022
RK6DU,JQY1C,,1,5/19/2022
3XNZ1,VPIG7,,5,5/31/2022
3XNZ1,AADER,,5,9/13/2022
3XNZ1,V5MBV,,4,4/8/2022
RBP64,CZ859,5,4,3/1/2022
RBP64,XYUHX,,3,8/6/2022
RBP64,9FJ8S,,1,9/26/2022
LO0YU,CTMHY,,5,1/5/2022
LO0YU,3KFLS,,2,6/27/2022
LO0YU,7ERSM,2,1,10/15/2022
BJTDP,SZXQH,,5,1/31/2022
BJTDP,3S3MN,1,4,5/11/2022
BJTDP,L3VKI,,5,10/15/2022
CSD0V,UVBIT,,5,1/18/2022
CSD0V,0C7T4,,1,7/31/2022
CSD0V,TJ6FX,4,5,4/20/2022
P027C,5PQAC,,5,2/22/2022
P027C,DDZV9,,4,4/4/2022
P027C,NKKLD,2,3,10/23/2022
BKV8V,U4K0S,,2,7/7/2022
BKV8V,1149O,5,1,5/17/2022
BKV8V,6IPKS,,1,8/25/2022
M2S46,GKTCF,2,3,4/22/2022
M2S46,NJN0G,,3,9/19/2022
M2S46,07RB8,,4,5/20/2022
MCYKS,SHGFE,1,5,8/18/2022
MCYKS,C9XKL,,2,9/4/2022
MCYKS,4VDK3,,4,8/30/2022
P6VUR,CJZRT,5,4,2/21/2022
P6VUR,YFIBA,3,1,10/5/2022
P6VUR,HC0DY,3,3,5/1/2022
42LPG,R7K4O,,1,5/31/2022
42LPG,N169E,,5,10/18/2022
42LPG,G558B,,5,6/10/2022
6BAHN,U4K0S,,3,9/10/2022
6BAHN,SNR6X,,5,2/1/2022
6BAHN,449OC,5,5,1/1/2022
NEDMB,5JJX3,,5,8/19/2022
NEDMB,GPYLB,,2,3/16/2022
NEDMB,TH583,1,5,9/29/2022
NEI16,PCL39,,2,5/10/2022
NEI16,BIVH0,,5,3/4/2022
NEI16,A8U7K,,5,4/3/2022
VUIFU,9EN65,,2,3/28/2022
VUIFU,LHRYU,,1,9/5/2022
VUIFU,RJWPA,1,3,6/24/2022
8G032,EJ2DW,,5,5/28/2022
8G032,4CXZQ,,5,10/3/2022
8G032,7E9AJ,,5,9/19/2022
7D92X,ET59G,4,4,8/9/2022
7D92X,5MYGN,4,4,6/10/2022
7D92X,GPYLB,,4,1/13/2022
WYFM8,WPI4A,,1,6/6/2022
WYFM8,ZXBS8,,2,9/30/2022
WYFM8,LJNGC,1,2,8/9/2022
6VLT3,7B5PR,,2,6/12/2022
6VLT3,7WHJR,3,2,10/27/2022
6VLT3,07RB8,,4,9/15/2022
7ISAX,P8UM4,3,3,10/3/2022
7ISAX,FZ6BO,,1,1/19/2022
7ISAX,J5PAC,,3,3/6/2022
Q4PTS,D7CK2,,3,6/22/2022
Q4PTS,M2HT6,5,4,1/25/2022
Q4PTS,9X7GU,,3,4/11/2022
KM0EY,AWFGJ,5,3,9/30/2022
KM0EY,9R01Y,,1,3/3/2022
KM0EY,M63IT,,5,6/23/2022
GVRV3,ZB7CT,5,2,7/24/2022
GVRV3,GV6M6,,2,7/9/2022
GVRV3,YAK94,1,5,8/7/2022
VDU8D,6EBHW,,5,8/23/2022
VDU8D,0RNM3,5,4,10/21/2022
VDU8D,Z0LJU,1,5,1/1/2022
DR99N,D7CK2,4,5,1/16/2022
DR99N,L6USX,,4,7/12/2022
DR99N,ET59G,2,5,5/7/2022
B9099,8AOIB,,5,5/2/2022
B9099,UOQ2K,,4,7/1/2022
B9099,9X7GU,,4,1/20/2022
9YSA1,XAY57,,3,6/11/2022
9YSA1,426K8,,5,3/15/2022
9YSA1,XWXLZ,,1,8/2/2022
2NXQQ,R8LB9,,5,9/3/2022
2NXQQ,T4T3I,,5,2/2/2022
2NXQQ,J5PAC,4,4,10/9/2022
9CX7X,IBCNI,,5,2/20/2022
9CX7X,NUPCW,3,5,1/6/2022
9CX7X,6FWZI,1,4,6/6/2022
HVYPZ,4GR4S,,4,9/21/2022
HVYPZ,WPI4A,4,3,6/12/2022
HVYPZ,EXO6D,,3,5/3/2022
KX7PW,WJRLZ,,3,1/2/2022
KX7PW,36SYH,5,5,3/24/2022
KX7PW,JUDOH,,2,1/6/2022
SNKBL,RVZRR,,2,10/6/2022
SNKBL,C78AR,,3,10/21/2022
SNKBL,KV5S9,1,1,1/1/2022
GKKI8,4VDK3,,2,9/20/2022
GKKI8,QFR1K,,4,7/25/2022
GKKI8,PINBW,,4,8/26/2022
05K3U,WH1ZH,4,3,2/7/2022
05K3U,OREG1,,1,3/15/2022
05K3U,FWVAJ,,5,2/16/2022
B1JLP,5JJX3,1,5,8/25/2022
B1JLP,IP7TK,2,5,9/10/2022
B1JLP,0WYR7,,5,3/19/2022
3JKX9,QCIEZ,4,1,4/28/2022
3JKX9,LJNGC,,4,4/19/2022
3JKX9,LHRYU,,4,9/25/2022
BMK8A,PZXJ8,,1,3/12/2022
BMK8A,CYGAE,,5,2/8/2022
BMK8A,SZXQH,5,1,7/4/2022
KIIZ7,BJLLH,4,5,6/4/2022
KIIZ7,Q1X68,3,1,9/1/2022
KIIZ7,7QINW,,1,2/1/2022
GWS4Y,A8U7K,,4,4/17/2022
GWS4Y,CYGAE,,3,6/25/2022
DIVWB,7H518,,5,2/14/2022
DIVWB,4OUJ8,2,5,4/10/2022
DIVWB,HGTUB,4,5,2/21/2022
4DMZ0,JWXSS,,5,9/11/2022
4DMZ0,5NRYI,,5,7/22/2022
4DMZ0,8HSSP,,4,9/10/2022
AYMCG,8MZDC,4,3,9/8/2022
AYMCG,8AOIB,3,2,5/15/2022
AYMCG,WHC3M,1,3,2/14/2022
VLADK,CXDQI,3,1,3/1/2022
VLADK,GQIZU,1,1,4/19/2022
VLADK,BKW17,,2,1/8/2022
9CDZ6,Q17SE,,1,1/17/2022
9CDZ6,LBHMK,,5,1/16/2022
9CDZ6,A8U7K,3,5,3/21/2022
VO9HI,L6USX,3,3,9/22/2022
VO9HI,QTM9A,,5,4/11/2022
VO9HI,FWB4W,,4,8/5/2022
4N2BL,G9Q2G,,4,5/3/2022
4N2BL,MJUC1,1,1,5/23/2022
4N2BL,G06XS,,4,8/9/2022
KWXKL,Q24R1,,1,1/17/2022
KWXKL,QQB6Q,,4,10/18/2022
KWXKL,P8DKB,,4,9/30/2022
YTQBP,1WI5Q,,3,8/24/2022
YTQBP,KV5S9,,2,9/12/2022
YTQBP,36SYH,,5,7/12/2022
ROX80,N169E,,1,10/4/2022
ROX80,WX9FX,,5,9/8/2022
ROX80,R5OOD,,1,6/28/2022
NI81W,Q1X68,,5,9/6/2022
NI81W,PV7VX,,5,6/19/2022
NI81W,87CKX,1,4,5/25/2022
K7BSE,4FD3N,,5,7/28/2022
K7BSE,JCCF8,,4,3/11/2022
K7BSE,3RNZG,,4,3/22/2022
89PH1,FFZPQ,,4,5/26/2022
89PH1,RYVDX,,3,8/17/2022
89PH1,5JJX3,,1,4/24/2022
8SECR,BJLLH,4,3,1/4/2022
8SECR,GVYOF,,3,2/23/2022
8SECR,UFNUW,,1,2/28/2022
OCYY1,WH1ZH,,4,4/16/2022
OCYY1,1H9CX,,2,5/10/2022
OCYY1,9CR7S,,1,5/12/2022
VGVF8,HFAMO,,5,5/23/2022
VGVF8,85TQL,,5,10/7/2022
VGVF8,K3MXR,,5,2/6/2022
KLLWU,P3UIF,,4,5/12/2022
KLLWU,231ZN,,4,8/29/2022
KLLWU,C1NTG,2,3,1/14/2022
19AOW,NJYKN,5,2,1/17/2022
19AOW,AWFGJ,,2,4/15/2022
19AOW,N7TIV,,3,3/5/2022
YLVNU,0C7T4,,3,2/28/2022
YLVNU,7IVK8,,1,8/15/2022
YLVNU,4GR4S,,5,4/23/2022
A6VKI,R5OOD,,3,5/21/2022
A6VKI,JCCF8,,5,6/3/2022
A6VKI,6F0TV,,1,8/2/2022
YCOTD,AZB2M,,5,2/20/2022
YCOTD,6F0TV,,5,4/24/2022
YCOTD,BK9EY,3,5,2/14/2022
UWS65,VX9SU,,5,7/5/2022
UWS65,GLVQG,,5,10/11/2022
UWS65,KGD5Z,4,3,4/4/2022
806KP,P35EW,1,1,1/19/2022
806KP,EGA3T,,3,4/30/2022
806KP,PRBZA,,4,3/11/2022
IYR3G,L4VJ1,,5,7/23/2022
IYR3G,ZVZGY,,5,10/10/2022
IYR3G,1E2BT,3,5,1/28/2022
ZZYOG,5H4D3,1,3,4/28/2022
ZZYOG,LZLDV,4,2,5/8/2022
4AJIZ,HYR8F,3,5,4/27/2022
4AJIZ,5H4D3,1,1,6/11/2022
4AJIZ,19J34,,2,2/12/2022
D8QFI,RPWW0,1,3,2/8/2022
D8QFI,L4VJ1,1,4,8/6/2022
D8QFI,N169E,,5,7/6/2022
FKLYG,CCMQG,,2,7/4/2022
FKLYG,BV5DO,2,4,5/14/2022
BU7CW,RLY94,,3,2/18/2022
BU7CW,PHPNC,,2,7/6/2022
BU7CW,29003,,5,2/15/2022
FPXIF,TJ6FX,3,5,9/29/2022
FPXIF,HH8AJ,1,3,7/13/2022
FPXIF,6FWZI,,5,6/15/2022
VYCQV,T21O4,,5,1/15/2022
VYCQV,7TOUB,,3,4/28/2022
VYCQV,FRH4L,,4,5/11/2022
LLZ6O,7WHJR,,4,10/13/2022
LLZ6O,K3VTH,3,2,9/24/2022
LLZ6O,4CXZQ,,3,3/2/2022
66PSO,4GR4S,,2,3/6/2022
66PSO,OZBPO,,3,9/1/2022
66PSO,3FLK5,4,1,8/8/2022
LRD1B,FFZPQ,,2,5/26/2022
LRD1B,MJUC1,5,3,9/6/2022
LRD1B,22VQ9,,4,2/3/2022
010JB,8RY42,2,3,1/26/2022
010JB,4OUJ8,,5,2/2/2022
010JB,Q9QW3,4,5,3/18/2022
1A6DQ,08KUN,,5,10/19/2022
1A6DQ,0WYR7,5,1,3/27/2022
1A6DQ,3I68A,3,4,1/24/2022
ZTV8E,U29GK,3,5,5/30/2022
ZTV8E,VJL5E,,5,1/4/2022
ZTV8E,SGSRE,,2,2/8/2022
HRDSY,L3VKI,,1,6/2/2022
HRDSY,JH82V,,4,8/5/2022
HRDSY,ZVZGY,,5,7/21/2022
EU9FM,A7G8C,5,4,4/23/2022
EU9FM,4I4WY,2,4,6/24/2022
EU9FM,9R01Y,1,5,7/9/2022
I4UAO,ZST93,,3,8/16/2022
I4UAO,S3AB0,,3,10/5/2022
I4UAO,BSJMW,,2,9/21/2022
XYGE7,AZB2M,,1,3/26/2022
XYGE7,4Z5VC,1,2,6/14/2022
XYGE7,RVZRR,,3,2/2/2022
B75QF,Y1GW1,,3,5/24/2022
B75QF,1WI5Q,1,4,3/27/2022
B75QF,A5WQ0,,5,4/12/2022
L6WTT,R2YNB,,5,8/16/2022
L6WTT,4OUJ8,,5,3/6/2022
L6WTT,QWEC7,,5,6/17/2022
5EO9W,O9NN6,,4,3/16/2022
5EO9W,BQ74R,,4,5/20/2022
5EO9W,8RY42,,5,2/14/2022
7BLST,C8HL5,,3,1/25/2022
7BLST,UDZHR,,5,9/30/2022
7BLST,TJ6FX,1,5,1/11/2022
IHKYE,C9PS9,,5,7/24/2022
IHKYE,6RCV4,3,5,6/25/2022
IHKYE,J5PAC,,4,10/20/2022
YK2FC,SFE8H,2,3,9/20/2022
YK2FC,NUPCW,,1,3/20/2022
YK2FC,A5WQ0,1,2,2/16/2022
DCPZS,KR138,,5,7/13/2022
DCPZS,3FKG7,3,5,6/4/2022
DCPZS,PQEAZ,2,5,4/10/2022
1KW1Z,U3D5E,,1,3/22/2022
1KW1Z,TH583,,5,9/6/2022
1KW1Z,5PQAC,,4,1/17/2022
3OZAF,GVYOF,,3,8/31/2022
3OZAF,GV6M6,4,2,2/26/2022
CS52N,YRL14,3,1,2/10/2022
CS52N,0HGJC,,5,3/18/2022
CS52N,RBL4D,3,5,6/28/2022
26AJ1,87CKX,2,5,5/27/2022
26AJ1,GV6M6,,5,5/21/2022
26AJ1,CXDQI,,5,8/1/2022
1N21A,CAFPE,,4,2/28/2022
1N21A,0ZJZT,1,3,2/10/2022
1N21A,1H9CX,,2,8/20/2022
WWWUR,9WYAI,,3,7/9/2022
WWWUR,FUAY0,,5,2/27/2022
WWWUR,WJRLZ,,2,8/7/2022
W8R0N,JEEP3,1,1,6/7/2022
W8R0N,BJLLH,2,5,9/5/2022
W8R0N,KR138,,5,9/22/2022
ZIKWD,CCMQG,,5,6/14/2022
ZIKWD,CUVCD,,3,7/22/2022
ZIKWD,V5MBV,,3,7/12/2022
Q273R,QN99Y,,2,9/21/2022
Q273R,UEVYS,,1,5/6/2022
Q273R,TH5WQ,,5,7/13/2022
WXB0W,TH583,,5,7/13/2022
WXB0W,3QPJE,4,4,9/4/2022
WXB0W,UEAU3,4,4,9/18/2022
E8IE5,K3MXR,,5,3/20/2022
E8IE5,JY3X4,,5,7/30/2022
E8IE5,CUVCD,3,3,8/25/2022
YE9Y0,E189I,4,4,3/26/2022
YE9Y0,D73LI,,5,1/4/2022
YE9Y0,3O35F,4,4,5/13/2022
HLC2X,IBCNI,,5,10/2/2022
HLC2X,C9XKL,3,3,10/18/2022
HLC2X,LQ8DW,5,5,5/4/2022
0PI7Y,GLVQG,,5,5/5/2022
0PI7Y,H7FKP,1,1,1/14/2022
0PI7Y,TIQ1A,,5,7/23/2022
9GVYW,7IVK8,2,2,2/27/2022
9GVYW,UP16N,,5,4/10/2022
9GVYW,AZB2M,,5,8/23/2022
W2TUF,MK3V5,,5,3/2/2022
W2TUF,JCA8Q,5,5,5/28/2022
W2TUF,8K3RE,3,3,8/15/2022
NQ3MK,U4K0S,1,1,4/25/2022
NQ3MK,QN99Y,3,3,10/6/2022
NQ3MK,IP7TK,,5,10/2/2022
XEKDS,RVZRR,,5,7/2/2022
XEKDS,6PA04,,5,1/26/2022
XEKDS,OPGY0,,5,2/2/2022
ISY5F,IP7TK,4,4,7/20/2022
ISY5F,CZ859,,5,1/16/2022
ISY5F,A8U7K,,5,1/26/2022
CXKB1,PB6Z6,,5,3/29/2022
CXKB1,85TQL,,5,2/20/2022
CXKB1,DW4SG,2,2,1/16/2022
HGY3Q,P1ZUA,,5,4/27/2022
HGY3Q,67EYU,1,1,1/6/2022
HGY3Q,08KUN,,5,10/22/2022
7DTDQ,GVYOF,5,5,6/24/2022
7DTDQ,1E2BT,,5,5/9/2022
7DTDQ,87CKX,,5,3/4/2022
TABM6,XV9E8,5,5,2/27/2022
TABM6,6PA04,,5,9/12/2022
TABM6,NL2WY,1,1,6/28/2022
MEID7,87BU7,,5,5/25/2022
MEID7,NBQEK,,5,7/16/2022
MEID7,FRH4L,,5,5/29/2022
32MLE,EBQH2,,5,7/25/2022
32MLE,PB6Z6,1,1,7/15/2022
32MLE,8MZDC,,5,1/14/2022
REXP7,FWVAJ,,5,8/11/2022
REXP7,3QPJE,,5,2/5/2022
REXP7,3K1ND,,5,9/21/2022
RGJQ2,RLY94,,5,7/21/2022
RGJQ2,XWXLZ,3,3,10/22/2022
RGJQ2,JCCF8,,5,8/22/2022
NXRXT,ZVZGY,5,5,1/30/2022
NXRXT,LJNGC,,5,10/18/2022
NXRXT,4UMXE,4,4,6/15/2022
5ON83,HFAMO,,5,10/21/2022
5ON83,Q9QW3,,5,3/22/2022
5ON83,A5WQ0,2,2,4/23/2022
9UKNK,YDQ24,1,1,7/27/2022
9UKNK,NJYKN,,5,8/21/2022
9UKNK,J83G9,,5,6/12/2022
190M0,19J34,1,1,7/7/2022
190M0,PRBZA,3,3,5/31/2022
190M0,MRY5A,2,2,8/24/2022
FDXK3,RLY94,,5,8/16/2022
FDXK3,GZ97S,3,3,4/1/2022
FDXK3,NW0RD,,5,1/8/2022
K9XM5,DPGAP,,5,9/13/2022
K9XM5,92I2Y,,5,1/1/2022
K9XM5,2SZAM,,5,10/15/2022
R5O4G,87CKX,2,2,3/12/2022
R5O4G,AWFGJ,2,2,4/28/2022
R5O4G,OFOQB,2,2,7/16/2022
1X4R3,KR138,,5,8/10/2022
1X4R3,QMNGC,,5,4/9/2022
1X4R3,ISPDE,,5,5/10/2022
O343K,X342E,3,3,1/26/2022
O343K,AWXDQ,2,2,7/11/2022
O343K,12TJH,,5,4/12/2022
AQQLE,7T5MJ,5,5,4/28/2022
AQQLE,OTAU7,,5,10/28/2022
AQQLE,D7CK2,,5,6/8/2022
EFHUG,L6USX,,5,5/30/2022
EFHUG,G2W79,,5,5/30/2022
EFHUG,ZVZGY,5,5,1/25/2022
M9679,5H4D3,1,1,3/5/2022
M9679,VW8H6,4,4,9/6/2022
M9679,DZC76,,5,2/19/2022
W0J0T,Z6UIX,1,1,4/3/2022
W0J0T,OE791,,5,4/22/2022
W0J0T,PCL39,1,1,10/11/2022
47ZNU,W2FN3,2,2,5/10/2022
47ZNU,UADIT,3,3,1/22/2022
47ZNU,JZ1WL,,5,1/14/2022
YNKU0,BF3QQ,1,1,7/6/2022
YNKU0,8HSSP,3,3,6/12/2022
YNKU0,YAK94,,5,2/24/2022
15H0W,NW0RD,,5,7/11/2022
15H0W,9FJ8S,3,3,8/22/2022
15H0W,AP5ZX,,5,10/6/2022
ZH6OP,JCA8Q,1,1,2/1/2022
ZH6OP,A8U7K,4,4,9/19/2022
ZH6OP,KVQRA,3,3,9/29/2022
GX3I6,VPIG7,,5,2/28/2022
GX3I6,1MXH9,2,2,5/18/2022
GX3I6,I8U4Z,,5,6/9/2022
34E4O,OREG1,,5,1/14/2022
34E4O,AZB2M,,5,8/26/2022
34E4O,77KUY,,5,7/1/2022
STNED,RVZRR,,5,5/31/2022
STNED,K99E6,4,4,6/28/2022
STNED,SHKRM,,5,1/19/2022
ZN52C,XZJXD,2,2,2/9/2022
ZN52C,77KUY,,5,7/2/2022
ZN52C,BJLLH,1,1,2/28/2022
GICLW,1VPD1,3,3,1/8/2022
GICLW,0ZJZT,,5,1/13/2022
GICLW,51WHM,,5,8/21/2022
YCMO9,EBQH2,,5,8/28/2022
YCMO9,AP5ZX,5,5,2/21/2022
YCMO9,GZ97S,,5,9/2/2022
6VZZH,9CWE6,,5,5/6/2022
6VZZH,CAFPE,,5,2/10/2022
6VZZH,XYUHX,5,5,9/29/2022
3Y8CK,86J10,5,5,8/2/2022
3Y8CK,3AFOH,2,2,9/10/2022
3Y8CK,RVZRR,5,5,5/15/2022
YTQK8,L4VJ1,,5,3/17/2022
YTQK8,HQSNA,,5,5/29/2022
YTQK8,P8UM4,1,1,7/10/2022
7456D,UADIT,5,5,2/13/2022
7456D,231ZN,,5,1/24/2022
7456D,0HC1E,,5,8/25/2022
K8DRJ,P8UM4,1,1,9/30/2022
K8DRJ,3FKG7,2,2,7/1/2022
K8DRJ,29003,1,1,8/27/2022
24T1N,MRY5A,1,1,9/3/2022
24T1N,YA5CE,,5,5/12/2022
24T1N,HC0DY,,5,9/10/2022
QWNFA,7E9AJ,,5,2/18/2022
QWNFA,Y26NY,4,4,9/23/2022
QWNFA,TT1MJ,1,1,10/5/2022
S1Z1R,BV5DO,,5,8/30/2022
S1Z1R,SNR6X,4,4,4/26/2022
S1Z1R,FCQGQ,4,4,2/19/2022
70QQ7,6GSGP,2,2,5/31/2022
70QQ7,QR19G,,5,4/25/2022
70QQ7,C0UHU,1,1,10/17/2022
PQ9TN,EXO6D,,5,9/22/2022
PQ9TN,LAAAV,4,4,2/17/2022
PQ9TN,YRTVH,3,3,7/21/2022
61BIL,8RY42,3,3,3/15/2022
61BIL,UFNZK,,5,1/15/2022
61BIL,CXDQI,,5,6/2/2022
C14OD,BF3QQ,,5,6/22/2022
C14OD,FFBXJ,1,1,5/25/2022
C14OD,ZVZGY,4,4,10/21/2022
7Q7LI,P8UOK,,5,3/15/2022
7Q7LI,Z49UX,4,4,6/26/2022
7Q7LI,R7K4O,,5,5/19/2022
QFDCE,PB6Z6,4,4,9/3/2022
QFDCE,9CR7S,,5,1/30/2022
QFDCE,BSJMW,,5,1/18/2022
DQZ31,0YU61,,5,1/16/2022
DQZ31,UFNUW,,5,7/8/2022
DQZ31,F1I7H,,5,4/10/2022
ENAL5,0C7T4,,5,1/11/2022
ENAL5,OFOQB,,5,7/21/2022
ENAL5,Q6RDS,,5,9/16/2022
GGRDK,E9K7C,,5,8/10/2022
GGRDK,G2W79,5,5,8/11/2022
GGRDK,P8UM4,,5,3/25/2022
ZFFG4,G6G4D,,5,3/31/2022
ZFFG4,NW0RD,,5,2/6/2022
ZFFG4,LC3OK,,5,9/1/2022
BWX1O,1MXH9,3,3,7/15/2022
BWX1O,H7FKP,,5,9/29/2022
BWX1O,CYGAE,1,1,7/23/2022
VM6YE,19J34,,5,6/13/2022
VM6YE,DGX8H,,5,7/16/2022
VM6YE,QWAWV,,5,4/29/2022
K2SW4,XMWLA,,5,2/14/2022
K2SW4,DGX8H,2,2,2/26/2022
K2SW4,OFOQB,4,4,6/15/2022
BU4WM,08WHX,3,3,8/8/2022
BU4WM,Q9QW3,,5,6/13/2022
BU4WM,KV5S9,,5,2/2/2022
HU76U,7B5PR,,5,2/10/2022
HU76U,P8DKB,,5,6/11/2022
HU76U,P1ZUA,2,2,1/25/2022
ZK18A,FFZPQ,3,3,2/8/2022
ZK18A,7IVK8,,5,6/11/2022
ZK18A,HC0DY,4,4,10/28/2022
3B74Z,RPWW0,5,5,3/2/2022
3B74Z,XZJXD,,5,10/13/2022
3B74Z,PINBW,,5,1/12/2022
5E55S,PRBZA,,5,6/23/2022
5E55S,EJ2DW,,5,6/17/2022
5E55S,DZC76,4,4,9/24/2022
D2Q3L,ZXBS8,4,4,6/11/2022
D2Q3L,GV6M6,,5,1/12/2022
D2Q3L,SNR6X,,5,7/12/2022
G8JAV,36SYH,,5,5/7/2022
G8JAV,20AR2,,5,10/8/2022
G8JAV,HFAMO,,5,4/9/2022
A62GD,QX1AY,4,4,1/31/2022
A62GD,C9XKL,,5,5/17/2022
A62GD,4MSI6,2,2,1/28/2022
HH5L2,FRH4L,3,3,2/17/2022
HH5L2,0R2KU,5,5,5/20/2022
HH5L2,A5WQ0,5,5,9/26/2022
D263O,HC0DY,,5,1/12/2022
D263O,A8U7K,3,3,5/15/2022
D263O,KGD5Z,1,1,5/16/2022
F22MY,HVJUT,,5,3/11/2022
F22MY,N3780,,5,1/4/2022
F22MY,0ZJZT,,5,3/31/2022
7AP3F,DAWJW,,5,5/23/2022
7AP3F,R5OOD,4,4,1/28/2022
7AP3F,EJ2DW,2,2,8/20/2022
125DH,DRNO4,,5,3/22/2022
125DH,G7ZYX,5,5,1/2/2022
LBZKA,7E9AJ,,5,3/21/2022
LBZKA,4MSI6,1,1,9/13/2022
LBZKA,CZ859,2,2,9/19/2022
T4GB1,O8YYV,5,5,10/12/2022
T4GB1,549RZ,2,2,2/17/2022
T4GB1,22VQ9,1,1,10/18/2022
4VAZ0,L20JI,,5,1/3/2022
4VAZ0,KVJNB,,5,4/24/2022
4VAZ0,1MXH9,1,1,5/24/2022
DRUJF,1E2BT,,5,9/25/2022
DRUJF,6EBHW,2,2,1/10/2022
DRUJF,4DGUK,,5,8/23/2022
9USEK,3KCY4,,5,4/1/2022
9USEK,JH82V,1,1,2/25/2022
A84FX,8Q3XK,,5,6/26/2022
A84FX,Q1X68,5,5,2/13/2022
A84FX,QQB6Q,,5,7/5/2022
EYUAB,85TQL,5,5,5/14/2022
EYUAB,V20LN,,5,10/2/2022
EYUAB,DNCLE,3,3,4/11/2022
APWNU,P8UM4,1,1,2/20/2022
APWNU,0YU61,,5,1/11/2022
APWNU,CZOIF,,5,3/22/2022
OCO0L,A7G8C,,5,5/21/2022
OCO0L,PBHFC,5,5,5/11/2022
OCO0L,ARQJD,,5,7/3/2022
9VJ3R,UVBIT,,5,4/24/2022
9VJ3R,FFZPQ,3,3,4/26/2022
9VJ3R,AZB2M,1,1,8/3/2022
7FBX2,CJZRT,2,2,9/4/2022
7FBX2,4FD3N,,5,5/7/2022
7FBX2,GQM6L,1,1,3/13/2022
M5IPY,BV5DO,2,2,8/19/2022
M5IPY,UEAU3,,5,2/1/2022
M5IPY,KVQRA,,5,2/9/2022
BEM0O,NJYKN,1,1,7/27/2022
BEM0O,8HSSP,,5,8/14/2022
BEM0O,5JJX3,,5,4/30/2022
DTEM6,MABWW,,5,3/2/2022
DTEM6,QFR1K,2,2,5/27/2022
DTEM6,DAWJW,5,5,2/27/2022
5SO0V,Y2ZFL,5,5,2/18/2022
5SO0V,0YU61,,5,3/28/2022
5SO0V,07RB8,4,4,5/3/2022
JRWX3,ARWEB,,5,7/17/2022
JRWX3,8LJTP,5,5,4/5/2022
JRWX3,HGTUB,4,4,4/2/2022
9BCRK,3FLK5,1,1,10/21/2022
9BCRK,CTMHY,,5,3/13/2022
9BCRK,HH8AJ,4,4,4/24/2022
WJDVP,CZOIF,2,2,5/25/2022
WJDVP,UFNZK,3,3,6/13/2022
WJDVP,O8YYV,,5,9/15/2022
C52MZ,UDZHR,5,5,1/18/2022
C52MZ,87BU7,1,1,2/21/2022
C52MZ,AP5ZX,,5,8/22/2022
80VSH,GV6M6,2,2,1/8/2022
80VSH,6GSGP,2,2,6/2/2022
80VSH,QXXKB,,5,1/31/2022
XVPN2,51WHM,1,1,9/30/2022
XVPN2,K3VTH,,5,1/29/2022
XVPN2,BBHBZ,,5,2/21/2022
MI92E,X7OBY,2,2,6/13/2022
MI92E,7IVK8,,5,4/27/2022
MI92E,K52E6,3,3,8/2/2022
LVMLU,3FLK5,,5,6/11/2022
LVMLU,WDR82,4,4,10/15/2022
LVMLU,ARWEB,4,4,2/25/2022
QYX12,NL2WY,3,3,8/18/2022
QYX12,8RY42,,5,6/13/2022
QYX12,IJ61L,,5,4/26/2022
Y4JZI,PRF6N,,5,9/5/2022
Y4JZI,0V5C9,5,5,5/18/2022
Y4JZI,FFZPQ,,5,2/2/2022
5GJ8O,0V5C9,1,1,4/7/2022
5GJ8O,SAZF9,,5,6/22/2022
5GJ8O,4Z5VC,,5,9/3/2022
0HQSK,VJL5E,,5,5/24/2022
0HQSK,67EYU,,5,9/5/2022
0HQSK,F1I7H,,5,7/25/2022
P2JJF,TT1MJ,1,1,1/23/2022
P2JJF,NCDRU,5,5,5/27/2022
P2JJF,DDZV9,3,3,6/8/2022
VUERN,ZST93,,5,1/4/2022
VUERN,D73LI,4,4,6/12/2022
VUERN,PQEAZ,5,5,10/10/2022
C99EN,L20JI,,5,5/5/2022
C99EN,GJK7R,,5,6/21/2022
C99EN,LZAU3,,5,3/21/2022
6MX7E,JUDOH,5,5,5/25/2022
6MX7E,142WW,,5,4/24/2022
6MX7E,8X3PV,1,1,7/2/2022
4VU99,DDZV9,,5,2/5/2022
4VU99,C9XKL,5,5,3/14/2022
4VU99,UBB1Y,,5,2/12/2022
OHP5L,UOQ2K,,5,4/18/2022
OHP5L,BSJMW,,5,2/13/2022
OHP5L,GZ97S,2,2,8/5/2022
T5EH5,RPWW0,,5,8/24/2022
T5EH5,DRNO4,4,4,9/25/2022
687EJ,NUPCW,,5,9/30/2022
687EJ,AWXDQ,,5,6/23/2022
687EJ,AU687,2,2,6/4/2022
9SZLC,7ERSM,,5,3/13/2022
9SZLC,UFNZK,4,4,10/26/2022
9SZLC,EXO6D,2,2,6/13/2022
ZJQJP,V5MBV,5,5,6/17/2022
ZJQJP,HVJUT,,5,3/9/2022
ZJQJP,OETM3,,5,4/7/2022
U9VSQ,426K8,,5,6/26/2022
U9VSQ,JEEP3,,5,5/13/2022
U9VSQ,ZVZGY,3,3,7/23/2022
IZ1CH,4L0BA,,5,2/25/2022
IZ1CH,LC3OK,2,2,5/19/2022
IZ1CH,X9W2Z,4,4,6/29/2022
0HCHB,7IVK8,,5,9/3/2022
0HCHB,U98HN,3,3,9/5/2022
0HCHB,XZJXD,,5,2/3/2022
ZFEZB,QX1AY,,5,7/7/2022
ZFEZB,1HBQW,1,1,10/21/2022
ZFEZB,K5CLT,4,4,3/21/2022
7CV6O,E9K7C,2,2,4/25/2022
7CV6O,JUDOH,4,4,1/1/2022
7CV6O,WJRLZ,4,4,9/29/2022
L8DWW,IBCNI,3,3,6/24/2022
L8DWW,1JA6J,,5,8/29/2022
L8DWW,6K1RV,,5,6/29/2022
4B7RT,AWXDQ,,5,1/4/2022
4B7RT,YAK94,,5,3/26/2022
4B7RT,PV7VX,5,5,4/26/2022
Y4LRQ,078O0,4,4,2/14/2022
Y4LRQ,MK3V5,1,1,10/26/2022
Y4LRQ,A5WQ0,2,2,9/2/2022
F7QHM,IUWG8,2,2,4/27/2022
F7QHM,AADER,,5,7/31/2022
F7QHM,L8LC6,,5,8/25/2022
EDFVE,9X7GU,,5,3/2/2022
EDFVE,CJZRT,,5,6/14/2022
EDFVE,G558B,,5,10/2/2022
Y7O7D,QWAWV,,5,10/19/2022
Y7O7D,CXDQI,3,3,7/3/2022
Y7O7D,DI0C5,,5,2/5/2022
8WQ8N,NKKLD,,5,9/21/2022
8WQ8N,HQF90,,5,7/13/2022
8WQ8N,SB3L6,,5,10/23/2022
5WONO,R5OOD,,5,4/1/2022
5WONO,62876,,5,7/31/2022
5WONO,C8HL5,4,4,10/23/2022
PHLBY,FQUO1,2,2,6/7/2022
PHLBY,QN99Y,,5,4/19/2022
PHLBY,PV7VX,5,5,9/3/2022
DAN4S,Z0LJU,,5,1/9/2022
DAN4S,BL4U8,1,1,2/16/2022
DAN4S,0ZJZT,2,2,4/15/2022
5CMBO,7H518,,5,9/17/2022
5CMBO,BQ74R,,5,1/16/2022
5CMBO,X7OBY,5,5,1/1/2022
P8OWW,AZB2M,2,2,4/10/2022
P8OWW,0C7T4,,5,6/4/2022
P8OWW,IXU4J,,5,7/24/2022
H2F1B,M63IT,,5,8/14/2022
H2F1B,PRF6N,,5,10/3/2022
H2F1B,Y1GW1,4,4,6/3/2022
K1BOW,HSQAJ,,5,6/22/2022
K1BOW,NKKLD,1,1,2/9/2022
K1BOW,WHC3M,3,3,10/17/2022
F1N7U,PV7VX,4,4,4/9/2022
F1N7U,7VWUB,,5,5/18/2022
F1N7U,FWB4W,,5,4/21/2022
717PI,JY3X4,4,4,10/21/2022
717PI,4VDK3,5,5,9/19/2022
717PI,0RNM3,4,4,3/18/2022
SSLG9,C9PS9,4,4,8/20/2022
SSLG9,86J10,,5,2/3/2022
SSLG9,WHC3M,5,5,1/14/2022
6YV2J,P9Q6Y,5,5,1/28/2022
6YV2J,3I68A,,5,4/12/2022
6YV2J,20AR2,1,1,4/29/2022
32TH1,TH5WQ,,5,7/27/2022
32TH1,O0KP9,,5,5/13/2022
32TH1,O83AN,1,1,2/15/2022
R5WAU,0R2KU,2,2,7/25/2022
R5WAU,0Z2LJ,2,2,4/7/2022
R5WAU,05M7F,,5,10/23/2022
S0XZX,NKKLD,,5,3/5/2022
S0XZX,VZNU6,,5,1/27/2022
S0XZX,OE791,,5,6/11/2022
TIIZ7,BQ74R,,5,4/23/2022
TIIZ7,QXXKB,,5,4/20/2022
TIIZ7,3DEPB,2,2,7/21/2022
78CNR,JUDOH,,5,2/22/2022
78CNR,Q24R1,,5,8/11/2022
78CNR,3O35F,,5,7/23/2022
6EVQH,LZLDV,5,5,9/1/2022
6EVQH,EDOMX,,5,3/23/2022
6EVQH,N3780,2,2,7/26/2022
Y1C7D,P1ZUA,,5,2/10/2022
Y1C7D,1WI5Q,,5,6/9/2022
Y1C7D,X9W2Z,,5,9/4/2022
4P2MC,8EBHM,4,4,7/31/2022
4P2MC,AZB2M,2,2,6/6/2022
4P2MC,3O35F,2,2,10/15/2022
YRNCX,1VT3O,4,4,4/19/2022
YRNCX,QMHWG,,5,4/24/2022
YRNCX,HC0DY,,5,6/21/2022
TI3XK,87CKX,4,4,5/25/2022
TI3XK,1QXIF,,5,8/9/2022
TI3XK,CA969,,5,9/2/2022
T7C4Q,LC3OK,,5,2/23/2022
T7C4Q,IP7TK,,5,3/2/2022
T7C4Q,R7K4O,,5,2/17/2022
DKV6T,SGSRE,,5,9/28/2022
DKV6T,4Z5VC,,5,2/16/2022
DKV6T,K5CLT,,5,5/29/2022
1ZSRG,5XI94,4,4,6/5/2022
1ZSRG,CJZRT,4,4,8/18/2022
1ZSRG,JY3X4,,5,7/1/2022
X6XFU,WUSF0,,5,2/24/2022
X6XFU,XU609,,5,8/6/2022
X6XFU,EJ2DW,,5,9/17/2022
0PAO8,JY3X4,,5,4/27/2022
0PAO8,20AR2,5,5,5/18/2022
0PAO8,JQY1C,,5,9/3/2022
6GV6U,NW0RD,,5,7/3/2022
6GV6U,LBHMK,,5,10/16/2022
6GV6U,P9Q6Y,5,5,6/11/2022
QQV3F,HVJUT,2,2,3/26/2022
QQV3F,0R2KU,,5,7/5/2022
QQV3F,JEEP3,,5,7/9/2022
WIIXC,DW4SG,4,4,9/27/2022
WIIXC,K52E6,,5,7/14/2022
WIIXC,AWFGJ,1,1,5/4/2022
L2V08,0OWRH,4,4,7/11/2022
L2V08,3DEPB,4,4,9/11/2022
L2V08,VW8H6,3,3,1/24/2022
H40RU,5XI94,,5,6/22/2022
H40RU,JWXSS,4,4,4/27/2022
H40RU,GLVQG,,5,2/25/2022
ZZO7Y,O0KP9,,5,10/17/2022
ZZO7Y,TJ6FX,,5,7/12/2022
ZZO7Y,G6G4D,4,4,1/21/2022
57F8O,Z5WLW,,5,8/30/2022
57F8O,X1CL7,,5,3/25/2022
57F8O,6IPKS,1,1,1/10/2022
JPPSA,GPJ8L,,5,5/19/2022
JPPSA,9FJ8S,,5,7/3/2022
DUON5,1QXIF,,5,1/4/2022
DUON5,FQUO1,,5,7/24/2022
DUON5,K99E6,,5,1/26/2022
M8Q98,3DEPB,,5,9/24/2022
M8Q98,NW0RD,5,5,2/1/2022
M8Q98,8F6ZS,,5,9/24/2022
OJVOT,7IVK8,,5,10/16/2022
OJVOT,CGC2X,,5,9/17/2022
OJVOT,6EBHW,3,3,6/3/2022
4PPY5,NBQEK,5,5,1/3/2022
4PPY5,GLVQG,,5,5/21/2022
4PPY5,P8DKB,,5,1/16/2022
7S3SE,JCCF8,,5,2/15/2022
7S3SE,1QXIF,3,3,8/30/2022
7S3SE,07RB8,4,4,1/2/2022
1IV1D,CUVCD,5,5,4/15/2022
1IV1D,V5MBV,,5,9/6/2022
1IV1D,0HGJC,2,2,9/29/2022
O8S8R,CJZRT,4,4,4/24/2022
O8S8R,8LJTP,4,4,10/10/2022
O8S8R,SFE8H,3,3,3/30/2022
F5HG5,WDR82,,5,2/24/2022
F5HG5,K3VTH,4,4,10/19/2022
F5HG5,HQSNA,,5,8/11/2022
4H3EB,CTMHY,,5,4/22/2022
4H3EB,6P3VN,5,5,3/16/2022
4H3EB,CUVCD,4,4,2/10/2022
N8X6I,AU687,1,1,6/18/2022
N8X6I,V5MBV,,5,6/28/2022
D7QXD,8RY42,,5,5/9/2022
D7QXD,PHPNC,,5,5/30/2022
D7QXD,PBHFC,,5,3/7/2022
OPCE8,P1ZUA,4,4,5/9/2022
OPCE8,8Q3XK,5,5,6/13/2022
OPCE8,EGA3T,,5,9/9/2022
F4OTA,NBQEK,,5,9/24/2022
F4OTA,SGSRE,,5,6/19/2022
F4OTA,JCCF8,,5,2/27/2022
IR55S,8MZDC,1,1,6/23/2022
IR55S,6ZG2P,,5,10/3/2022
IR55S,NQP88,,5,2/27/2022
DUI40,CUVCD,,5,7/23/2022
DUI40,X1CL7,2,2,5/3/2022
DUI40,6NS86,,5,2/20/2022
UBVEC,6QJGV,,5,3/23/2022
UBVEC,CTMHY,4,4,3/14/2022
UBVEC,UDZHR,,5,6/22/2022
KH2MK,UBB1Y,2,2,5/16/2022
KH2MK,QWK5C,,5,6/1/2022
KH2MK,YRL14,,5,6/15/2022
D0S52,CXDQI,4,4,7/11/2022
D0S52,MABWW,2,2,6/1/2022
D0S52,PZXJ8,3,3,10/11/2022
1DDCA,BK9EY,,5,3/27/2022
1DDCA,ZTLSE,,5,3/18/2022
1DDCA,6WQ8P,3,3,6/20/2022
U683A,PRF6N,2,2,3/21/2022
U683A,8MZDC,,5,8/16/2022
U683A,QTM9A,3,3,10/3/2022
V25AJ,WJRLZ,,5,1/20/2022
V25AJ,8Q3XK,,5,5/31/2022
V25AJ,6KVU0,3,3,1/13/2022
2C3O9,QCIEZ,,5,4/1/2022
2C3O9,3S3MN,,5,9/3/2022
2C3O9,Q24R1,2,2,2/2/2022
V2DG5,CGC2X,,5,3/14/2022
V2DG5,2LVZE,,5,5/22/2022
V2DG5,TJ6FX,3,3,1/23/2022
5UUSW,CA969,,5,10/16/2022
5UUSW,4DGUK,1,1,9/5/2022
5UUSW,U3D5E,,5,9/21/2022
9ACJU,F5WTM,1,1,3/9/2022
9ACJU,F98VS,,5,4/1/2022
9ACJU,U29GK,,5,8/26/2022
WKUSR,6KVU0,,5,4/26/2022
WKUSR,GKTCF,2,2,8/26/2022
WKUSR,7VWUB,3,3,2/3/2022
8WZ67,3KFLS,,5,10/1/2022
8WZ67,FQUO1,5,5,7/18/2022
8WZ67,RSBL9,5,5,10/19/2022
5WEF0,3FLK5,1,1,4/21/2022
5WEF0,FUR3X,,5,10/27/2022
5WEF0,FCQGQ,5,5,5/18/2022
U40M9,WHC3M,4,4,6/9/2022
U40M9,6WQ8P,3,3,6/27/2022
U40M9,MRY5A,,5,1/21/2022
LF75W,HSQAJ,2,2,9/3/2022
LF75W,ZB7CT,,5,9/28/2022
LF75W,N7TIV,,5,7/20/2022
6M648,PHPNC,,5,9/16/2022
6M648,X7OBY,,5,9/9/2022
6M648,HYR8F,1,1,8/1/2022
X7ALH,0YU61,5,5,10/13/2022
X7ALH,RSBL9,1,1,6/17/2022
X7ALH,19J34,,5,8/14/2022
XZY37,Q1X68,,5,6/26/2022
XZY37,YFIBA,2,2,7/10/2022
XZY37,UEAU3,,5,4/9/2022
MCPAM,77KUY,3,3,10/1/2022
MCPAM,YFIBA,,5,7/4/2022
MCPAM,ZTLSE,4,4,3/25/2022
BFLOJ,I8U4Z,,5,5/11/2022
BFLOJ,3KFLS,,5,4/14/2022
BFLOJ,AWXDQ,3,3,1/17/2022
AN1KX,4PJSD,,5,1/18/2022
AN1KX,2LVZE,3,3,1/21/2022
AN1KX,4OUJ8,,5,3/5/2022
LF6XC,E9K7C,,5,5/16/2022
LF6XC,V1RZB,,5,1/2/2022
LF6XC,CYGAE,,5,4/23/2022
ZMEIK,BSJMW,,5,9/12/2022
ZMEIK,449OC,,5,1/3/2022
ZMEIK,4L0BA,5,5,2/24/2022
U6NSE,P3UIF,3,3,1/25/2022
U6NSE,BSJMW,2,2,6/16/2022
U6NSE,0HC1E,,5,9/22/2022
GU3PP,Y2ZFL,,5,3/28/2022
GU3PP,6IPKS,5,5,8/25/2022
GU3PP,1JA6J,,5,6/3/2022
IEHMO,6IPKS,,5,8/5/2022
IEHMO,NKNLM,,5,3/27/2022
IEHMO,P1ZUA,2,2,6/26/2022
KGX1G,LV4UC,4,4,3/16/2022
KGX1G,WH1ZH,3,3,5/12/2022
KGX1G,VKCWC,2,2,8/25/2022
SJ5HD,3S3MN,,5,2/9/2022
SJ5HD,4DGUK,,5,8/24/2022
SJ5HD,JUDOH,,5,2/3/2022
1LDDF,XMWLA,2,2,5/4/2022
1LDDF,QLECR,,5,5/6/2022
1LDDF,9CWE6,,5,7/28/2022
53DXQ,7W8YE,1,1,6/26/2022
53DXQ,CTMHY,,5,5/7/2022
53DXQ,9CK79,,5,4/10/2022
LTYJ8,Y1GW1,,5,1/12/2022
LTYJ8,N169E,5,5,7/22/2022
LTYJ8,0BMS5,3,3,1/18/2022
O7JHA,VW8H6,,5,3/15/2022
O7JHA,8AOIB,,5,5/24/2022
O7JHA,GJK7R,,5,2/1/2022
MV8IE,FUAY0,2,2,3/23/2022
MV8IE,MRY5A,3,3,7/23/2022
MV8IE,CA969,,5,5/15/2022
T0LJV,Q24R1,,5,3/14/2022
T0LJV,05M7F,1,1,3/20/2022
MHYZN,4UMXE,2,2,9/19/2022
MHYZN,Z6UIX,,5,10/11/2022
MHYZN,DDZV9,,5,10/13/2022
3VFQ2,1VPD1,4,4,4/28/2022
3VFQ2,X7OBY,4,4,5/2/2022
3VFQ2,CA1H1,3,3,7/20/2022
FXJW9,G6G4D,5,5,5/30/2022
FXJW9,M63IT,1,1,4/9/2022
FXJW9,K52E6,4,4,7/7/2022
S711S,6LV2R,,5,5/14/2022
S711S,RSBL9,,5,10/4/2022
S711S,9CK79,1,1,4/4/2022
1M3VQ,O0KP9,,5,1/18/2022
1M3VQ,FUS1Y,3,3,4/29/2022
1M3VQ,NJN0G,,5,8/3/2022
4Y2ZV,U98HN,5,5,1/29/2022
4Y2ZV,36SYH,,5,1/4/2022
4Y2ZV,07RB8,2,2,6/29/2022
FGGVY,XV9E8,,5,7/12/2022
FGGVY,NUPCW,1,1,10/9/2022
FGGVY,K3UHS,,5,6/20/2022
7YD44,U98HN,5,5,1/19/2022
7YD44,NQP88,,5,6/10/2022
7YD44,T02WF,4,4,7/11/2022
UJG56,EGA3T,4,4,6/28/2022
UJG56,Q6RDS,1,1,6/20/2022
UJG56,4MSI6,,5,2/15/2022
119G3,6EBHW,,5,2/3/2022
119G3,V20LN,,5,2/1/2022
119G3,69SJG,4,4,4/4/2022
628RH,3FLK5,1,1,2/8/2022
628RH,UEAU3,,5,10/25/2022
628RH,449OC,,5,3/1/2022
WD4V4,8VI0V,,5,6/10/2022
WD4V4,I8U4Z,,5,3/24/2022
WD4V4,FXVJ8,,5,6/21/2022
SADYP,NW0RD,,5,8/26/2022
SADYP,UEVYS,4,4,1/30/2022
SADYP,0ZJZT,,5,6/15/2022
BYODB,WHC3M,,5,8/6/2022
BYODB,K3MXR,,5,10/21/2022
BYODB,A5WQ0,3,3,6/3/2022
UUWSJ,CZ859,,5,1/16/2022
UUWSJ,0C7T4,5,5,3/12/2022
UUWSJ,4GR4S,1,1,4/7/2022
XFAW3,JY3X4,4,4,7/10/2022
XFAW3,O83AN,,5,3/27/2022
XFAW3,JCA8Q,4,4,2/19/2022
DOC7B,ZVZGY,,5,4/19/2022
DOC7B,NUPCW,,5,5/17/2022
DOC7B,0HGJC,,5,5/5/2022
GTZX8,KR138,,5,6/18/2022
GTZX8,1HBQW,,5,2/11/2022
GTZX8,VPIG7,,5,8/5/2022
RNYTZ,WJRLZ,,5,4/21/2022
RNYTZ,U4K0S,5,5,7/30/2022
SIX5R,HQSNA,,5,3/20/2022
SIX5R,2SZAM,5,5,10/4/2022
SIX5R,4MSI6,5,5,4/26/2022
HGKSA,CGC2X,1,1,6/21/2022
HGKSA,TYD9O,,5,7/19/2022
HGKSA,NJN0G,,5,8/23/2022
CKCU9,N5X40,,5,6/29/2022
CKCU9,RYVDX,,5,7/28/2022
CKCU9,EBQH2,4,4,9/4/2022
3WVU4,AWFGJ,,5,4/12/2022
3WVU4,BW3MU,,5,4/16/2022
3WVU4,C8HL5,,5,4/1/2022
8094C,DRNO4,,5,1/7/2022
8094C,XV9E8,,5,2/16/2022
8094C,C0UHU,,5,8/27/2022
91I4R,OE791,,5,10/4/2022
91I4R,C1NTG,,5,2/8/2022
91I4R,W2FN3,2,2,3/9/2022
FDHHQ,QX1AY,3,3,10/12/2022
FDHHQ,KSZOZ,3,3,6/11/2022
FDHHQ,RJWPA,2,2,4/7/2022
608BZ,3FLK5,,5,3/26/2022
608BZ,NCDRU,5,5,4/21/2022
608BZ,N169E,,5,10/13/2022
18ATI,UADIT,,5,9/14/2022
18ATI,QWK5C,,5,1/3/2022
18ATI,549RZ,1,1,10/16/2022
ADOBP,MRY5A,,5,7/27/2022
ADOBP,4OUJ8,,5,7/20/2022
ADOBP,5NRYI,,5,6/16/2022
U4G0Y,FUS1Y,,5,1/20/2022
U4G0Y,O83AN,,5,2/17/2022
U4G0Y,P1ZUA,3,3,5/30/2022
JKEC1,QWEC7,5,5,9/8/2022
JKEC1,C1NTG,3,3,4/16/2022
JKEC1,SEOMV,,5,2/15/2022
PM19X,N169E,,5,10/14/2022
PM19X,5P7C4,3,3,8/8/2022
PM19X,L9Y33,,5,5/20/2022
96CTH,G6G4D,,5,3/31/2022
96CTH,3O35F,1,1,9/20/2022
96CTH,Y4RHZ,,5,10/6/2022
U1MXM,A5WQ0,,5,10/1/2022
U1MXM,F98VS,,5,8/1/2022
U1MXM,G60H0,,5,9/14/2022
IS8XJ,ISPDE,,5,4/20/2022
IS8XJ,AWXDQ,,5,3/28/2022
IS8XJ,5PQAC,4,4,10/15/2022
S12PK,WX9FX,,5,4/4/2022
S12PK,4OUJ8,,5,1/26/2022
S12PK,E9K7C,,5,7/21/2022
N5IUD,BV5DO,5,5,4/30/2022
N5IUD,JCCF8,,5,9/20/2022
N5IUD,6LV2R,,5,5/8/2022
406IP,8HSSP,1,1,4/1/2022
406IP,DZC76,,5,5/25/2022
406IP,0YDV7,1,1,9/2/2022
9QUHS,4L0BA,,5,7/6/2022
9QUHS,U98HN,,5,4/22/2022
9QUHS,MK3V5,4,4,8/15/2022
BLVD4,449OC,,5,3/8/2022
BLVD4,L9Y33,,5,2/23/2022
BLVD4,3XOCG,,5,1/7/2022
IZBUW,IH8AP,2,2,8/3/2022
IZBUW,UDZHR,,5,7/16/2022
IZBUW,P35EW,,5,5/8/2022
B3OWC,29003,3,3,5/23/2022
B3OWC,0ZJZT,3,3,8/16/2022
B3OWC,WH1ZH,3,3,9/4/2022
3IHDQ,G6UPG,1,1,1/10/2022
3IHDQ,SHGFE,,5,2/20/2022
3IHDQ,W3UYZ,2,2,6/3/2022
UV6I1,U4K0S,,5,3/2/2022
UV6I1,670AO,,5,3/10/2022
UV6I1,LJNGC,,5,7/18/2022
4UQN9,U3D5E,,5,1/30/2022
4UQN9,NUPCW,,5,2/22/2022
4UQN9,05M7F,,5,10/25/2022
RC1J7,YFIBA,,5,3/22/2022
RC1J7,AWFGJ,,5,10/28/2022
RC1J7,6PA04,3,3,7/12/2022
7MV8H,YAK94,,5,8/10/2022
7MV8H,7IVK8,1,1,10/25/2022
7MV8H,L8LC6,,5,9/28/2022
KWOAA,XZJXD,2,2,3/24/2022
KWOAA,L8LC6,,5,4/2/2022
KWOAA,1H9CX,,5,10/12/2022
LB9D2,RM38H,,5,2/21/2022
LB9D2,YDQ24,,5,4/1/2022
LB9D2,QXXKB,5,5,10/23/2022
29J0D,D73LI,,5,5/30/2022
29J0D,20AR2,1,1,5/18/2022
29J0D,XV9E8,3,3,8/25/2022
LNMX3,6KXC3,5,5,8/18/2022
LNMX3,4MSI6,3,3,2/21/2022
LNMX3,SHKRM,5,5,9/2/2022
76J9V,08WHX,3,3,7/13/2022
76J9V,142WW,,5,2/11/2022
76J9V,9R01Y,,5,8/28/2022
6QLXH,L3VKI,,5,1/11/2022
6QLXH,K3UHS,4,4,7/24/2022
6QLXH,8K3RE,,5,8/20/2022
N1ODM,69SJG,,5,5/20/2022
N1ODM,9CWE6,,5,7/9/2022
N1ODM,P0JA5,3,3,6/26/2022
8O45Z,12TJH,,5,4/30/2022
8O45Z,UFNUW,,5,1/5/2022
8O45Z,FFBXJ,,5,3/27/2022
AKLNZ,6QJGV,1,1,8/4/2022
AKLNZ,3KLP3,,5,9/11/2022
AKLNZ,KYTZ7,2,2,3/5/2022
87TL4,YRTVH,5,5,9/14/2022
87TL4,549RZ,,5,7/12/2022
87TL4,3I68A,,5,10/14/2022
MZHDW,5MYGN,,5,7/6/2022
MZHDW,LJNGC,,5,8/1/2022
MZHDW,GLVQG,,5,5/2/2022
UAT7U,Z6UIX,,5,10/1/2022
UAT7U,QWAWV,,5,1/31/2022
UAT7U,2SZAM,,5,4/11/2022
08NIU,ARWEB,3,3,2/23/2022
08NIU,0HC1E,,5,8/23/2022
08NIU,QCIEZ,,5,6/6/2022
U9UGI,IXU4J,,5,10/1/2022
U9UGI,O83AN,2,2,3/16/2022
U9UGI,9CWE6,,5,5/3/2022
93C9Y,EDOMX,3,3,4/24/2022
93C9Y,GV6M6,,5,5/30/2022
93C9Y,O83AN,,5,1/23/2022
0YH47,7QINW,5,5,3/23/2022
0YH47,1E2BT,,5,1/15/2022
0YH47,9CK79,,5,5/3/2022
JPACE,K3VTH,5,5,10/10/2022
JPACE,7B5PR,1,1,10/18/2022
JPACE,OETM3,,5,4/7/2022
68QVY,CA1H1,,5,5/14/2022
68QVY,UBB1Y,,5,6/21/2022
68QVY,PCL39,,5,9/17/2022
1YHWL,K3UHS,,5,10/9/2022
1YHWL,9ZP9F,,5,9/14/2022
1YHWL,PHPNC,,5,9/13/2022
AD6O9,CCMQG,,5,3/29/2022
AD6O9,20AR2,,5,4/12/2022
AD6O9,C9XKL,4,4,5/14/2022
05I3A,1HBQW,,5,9/18/2022
05I3A,0RNM3,,5,3/5/2022
05I3A,NJN0G,3,3,4/29/2022
Z1H57,NJN0G,,5,1/7/2022
Z1H57,CZ859,4,4,5/19/2022
Z1H57,OPGY0,,5,8/11/2022
QZ491,0BMS5,,5,7/29/2022
QZ491,AWFGJ,5,5,1/23/2022
QZ491,O83AN,5,5,10/12/2022
3R3CX,7W8YE,3,3,9/2/2022
3R3CX,8HSSP,2,2,2/28/2022
3R3CX,2LOF1,3,3,5/18/2022
6D2XH,DW4SG,4,4,1/9/2022
6D2XH,08KUN,2,2,7/10/2022
6D2XH,KV5S9,,5,9/1/2022
ZZFL3,JY3X4,1,1,1/24/2022
ZZFL3,RSBL9,,5,1/10/2022
ZZFL3,WSHUH,,5,4/4/2022
1E0GR,BHDQW,4,4,1/18/2022
1E0GR,6GSGP,5,5,1/5/2022
1E0GR,U98HN,4,4,3/29/2022
BZ0D8,WHC3M,4,4,9/11/2022
BZ0D8,QX1AY,,5,5/7/2022
BZ0D8,WDR82,,5,1/26/2022
C4HH8,L8LC6,5,5,1/25/2022
C4HH8,DW4SG,,5,5/14/2022
C4HH8,W2FN3,4,4,9/15/2022
J7NR7,OETM3,1,1,6/14/2022
J7NR7,6K1RV,2,2,2/22/2022
J7NR7,Z5WLW,,5,3/26/2022
WVX20,4PJSD,,5,6/24/2022
WVX20,U29GK,3,3,6/19/2022
WVX20,8AOIB,,5,2/25/2022
VCKSA,Q1X68,1,1,5/20/2022
VCKSA,6P3VN,,5,5/2/2022
VCKSA,UEVYS,2,2,3/10/2022
AE324,8VI0V,,5,9/10/2022
AE324,IBCNI,,5,5/8/2022
AE324,OZBPO,,5,10/10/2022
PPAEN,FUS1Y,,5,10/18/2022
PPAEN,UADIT,2,2,6/8/2022
PPAEN,DRNO4,,5,5/29/2022
CNHAF,AWFGJ,,5,1/4/2022
CNHAF,ARWEB,,5,6/8/2022
CNHAF,PBHFC,,5,4/13/2022
A7G08,L4VJ1,,5,7/27/2022
A7G08,VKCWC,1,1,7/26/2022
A7G08,VRWGT,,5,10/13/2022
I1H4U,HGTUB,1,1,9/24/2022
I1H4U,5NRYI,4,4,10/1/2022
I1H4U,NUPCW,,5,6/29/2022
J85EZ,OTAU7,,5,10/22/2022
J85EZ,TYD9O,,5,1/17/2022
J85EZ,LV4UC,,5,8/8/2022
JC623,LZLDV,,5,2/17/2022
JC623,GV6M6,,5,6/8/2022
2WKJ6,0WYR7,,5,3/8/2022
2WKJ6,G9Q2G,,5,1/2/2022
2WKJ6,N8P04,,5,7/14/2022
S4GKE,QLECR,,5,2/23/2022
S4GKE,K3MXR,,5,8/30/2022
S4GKE,HQF90,3,3,9/15/2022
A330H,NCDRU,,5,7/19/2022
A330H,L8LC6,,5,10/12/2022
A330H,UADIT,,5,9/29/2022
QYXDZ,EBQH2,,5,2/27/2022
QYXDZ,426K8,,5,1/31/2022
QYXDZ,OFOQB,3,3,5/9/2022
K9O3V,8HSSP,4,4,4/3/2022
K9O3V,A8U7K,,5,3/10/2022
K9O3V,DAWJW,,5,4/6/2022
D5WMR,DW4SG,,5,1/9/2022
D5WMR,4PJSD,,5,3/7/2022
D5WMR,6NS86,,5,10/16/2022
MBPBX,6A1CR,3,3,9/23/2022
MBPBX,5H4D3,,5,8/7/2022
MBPBX,GPJ8L,1,1,3/7/2022
DSQMQ,92I2Y,,5,10/6/2022
DSQMQ,RJWPA,,5,1/31/2022
DSQMQ,3AFOH,3,3,6/15/2022
OKUGQ,MABWW,,5,8/21/2022
OKUGQ,8EBHM,4,4,2/10/2022
OKUGQ,V2EVU,,5,8/29/2022
VD6SK,62876,,5,9/2/2022
VD6SK,X342E,,5,6/27/2022
VD6SK,GZ97S,,5,10/3/2022
MI9PQ,Q0UI3,,5,2/28/2022
MI9PQ,X9W2Z,,5,8/27/2022
MI9PQ,05M7F,,5,8/22/2022
ZKOH6,QWAWV,,5,1/16/2022
ZKOH6,5H4D3,,5,4/9/2022
ZKOH6,Z0LJU,5,5,5/13/2022
QLIY5,A34BI,2,2,10/14/2022
QLIY5,6GSGP,3,3,10/12/2022
QLIY5,TJ6FX,,5,5/27/2022
N8WG4,Y10ZO,,5,1/11/2022
N8WG4,O9NN6,3,3,9/1/2022
N8WG4,9EN65,,5,1/15/2022
IM7DN,0HC1E,,5,7/12/2022
IM7DN,QXXKB,,5,2/4/2022
IM7DN,K2VIU,3,3,5/20/2022
BWFAD,3RNZG,4,4,4/24/2022
BWFAD,67EYU,,5,9/18/2022
BWFAD,UEVYS,4,4,2/28/2022
ZDG31,C9XKL,2,2,6/27/2022
ZDG31,DW4SG,,5,4/2/2022
ZDG31,Q0UI3,,5,7/17/2022
ULVGM,9WYAI,,5,3/5/2022
ULVGM,LQ8DW,2,2,10/13/2022
17FO7,1WI5Q,,5,10/20/2022
17FO7,4DGUK,4,4,6/7/2022
17FO7,7ERSM,,5,5/12/2022
VY1PC,ZXBS8,,5,4/15/2022
VY1PC,RJWPA,,5,7/11/2022
VY1PC,W7QGR,,5,6/2/2022
7WVZG,A34BI,,5,1/6/2022
7WVZG,85TQL,,5,5/1/2022
7WVZG,Q1X68,,5,7/25/2022
GOZG4,GQIZU,5,5,4/22/2022
GOZG4,N7TIV,,5,8/2/2022
GOZG4,VX9SU,2,2,7/2/2022
ZRPSM,LC3OK,2,2,1/14/2022
ZRPSM,W3UYZ,3,3,10/28/2022
ZRPSM,1HBQW,,5,7/26/2022
Z9LJN,Q1X68,,5,8/10/2022
Z9LJN,ZST93,,5,8/3/2022
Z9LJN,IP7TK,5,5,4/12/2022
RSZ8L,WH1ZH,,5,9/24/2022
RSZ8L,4OUJ8,4,4,1/15/2022
RSZ8L,8EBHM,,5,6/27/2022
J6SLU,4UMXE,,5,6/3/2022
J6SLU,K3VTH,4,4,10/8/2022
J6SLU,3AFOH,,5,2/16/2022
3JK3B,PV7VX,,5,6/6/2022
3JK3B,C8HL5,,5,5/15/2022
3JK3B,1VT3O,1,1,7/12/2022
GCX9Q,86J10,,5,1/20/2022
GCX9Q,IXU4J,,5,1/9/2022
GCX9Q,SAZF9,,5,4/17/2022
UP2YY,JI8HS,5,5,10/15/2022
UP2YY,152MD,4,4,1/14/2022
UP2YY,Y2ZFL,4,4,4/9/2022
EZN0O,ISPDE,,5,9/22/2022
EZN0O,QMHWG,,5,9/22/2022
EZN0O,W7QGR,,5,8/15/2022
NOR3W,AZB2M,5,5,9/30/2022
NOR3W,HQSNA,,5,4/23/2022
NOR3W,4L0BA,,5,9/24/2022
NEI52,U98HN,1,1,10/23/2022
NEI52,ISPDE,4,4,3/22/2022
NEI52,A5WQ0,3,3,10/24/2022
CVFG8,3KFLS,3,3,7/25/2022
CVFG8,RLY94,,5,7/20/2022
CVFG8,6KVU0,2,2,5/13/2022
9B61G,92I2Y,,5,5/30/2022
9B61G,ZTLSE,,5,4/8/2022
9B61G,6IPKS,5,5,3/23/2022
3L6YR,Y26NY,,5,2/15/2022
3L6YR,0V5C9,,5,8/8/2022
3L6YR,2LVZE,2,2,5/8/2022
28KWN,6K1RV,5,5,4/5/2022
28KWN,QWK5C,,5,8/16/2022
28KWN,4L0BA,,5,9/19/2022
UQF7I,ISPDE,,5,10/7/2022
UQF7I,CA1H1,,5,7/26/2022
UQF7I,3O35F,,5,9/22/2022
NVJNV,G2W79,2,2,5/18/2022
NVJNV,XAY57,,5,3/5/2022
NVJNV,WH1ZH,,5,3/1/2022
AL0KT,4OUJ8,,5,5/9/2022
AL0KT,AADER,5,5,10/18/2022
AL0KT,5H4D3,1,1,1/4/2022
F6E0B,07RB8,,5,8/16/2022
F6E0B,PINBW,,5,1/20/2022
F6E0B,NJYKN,1,1,8/8/2022
QSFQO,JUDOH,2,2,3/2/2022
QSFQO,CHM29,,5,5/14/2022
QSFQO,RBL4D,,5,5/22/2022
KYBOM,152MD,,5,4/24/2022
KYBOM,O8YYV,,5,9/1/2022
KYBOM,FFBXJ,,5,4/24/2022
GIBAA,DNCLE,,5,5/6/2022
GIBAA,BIVH0,1,1,7/12/2022
GIBAA,1HBQW,,5,6/6/2022
KA6E4,3I68A,2,2,8/22/2022
KA6E4,6PA04,,5,6/17/2022
KA6E4,L3VKI,,5,3/8/2022
VLEDI,7CIPO,,5,1/1/2022
VLEDI,4VDK3,5,5,2/24/2022
VLEDI,FZ6BO,5,5,8/9/2022
GNBDQ,GKTCF,,5,1/17/2022
GNBDQ,XAY57,2,2,6/21/2022
GNBDQ,WX9FX,,5,2/18/2022
23NVZ,07RB8,2,2,5/13/2022
23NVZ,1HBQW,,5,1/4/2022
23NVZ,WW2NM,,5,10/8/2022
5C0M1,EJ8AM,,5,7/6/2022
5C0M1,VRWGT,2,2,9/15/2022
5C0M1,AWFGJ,5,5,9/15/2022
CHEEQ,FCQGQ,3,3,4/11/2022
CHEEQ,3KLP3,3,3,10/18/2022
CHEEQ,UVBIT,2,2,8/26/2022
EI2V3,AZQD3,3,3,3/14/2022
EI2V3,BSJMW,,5,1/28/2022
EI2V3,BL4U8,1,1,8/2/2022
D9I0U,N5X40,4,4,6/14/2022
D9I0U,OE791,2,2,4/19/2022
D9I0U,CHM29,2,2,3/9/2022
K41L2,3K1ND,,5,7/25/2022
K41L2,Z49UX,2,2,3/7/2022
K41L2,YA5CE,,5,1/25/2022
0VI2U,8VI0V,,5,9/13/2022
0VI2U,RVZRR,1,1,9/6/2022
V1SSI,JI8HS,,5,8/14/2022
V1SSI,4Z5VC,4,4,2/12/2022
V1SSI,1HBQW,1,1,7/15/2022
0XVLN,WW2NM,2,2,9/3/2022
0XVLN,QMNGC,,5,7/31/2022
0XVLN,RSBL9,4,4,8/23/2022
MFFZT,Y4HF3,,5,5/30/2022
MFFZT,UEVYS,,5,10/21/2022
MFFZT,WX9FX,,5,6/18/2022
MVY5K,XV9E8,,5,4/14/2022
MVY5K,K3VTH,,5,5/1/2022
MVY5K,BK9EY,,5,4/21/2022
04AN7,PRF6N,,5,1/6/2022
04AN7,IBCNI,3,3,6/16/2022
04AN7,CTMHY,3,3,10/6/2022
K7PBP,MABWW,,5,4/19/2022
K7PBP,O8YYV,2,2,4/11/2022
K7PBP,P1ZUA,,5,7/28/2022
MJL8T,0R2KU,3,3,7/24/2022
MJL8T,87BU7,,5,8/4/2022
MJL8T,5PQAC,,5,5/4/2022
5161D,U5R93,,5,5/13/2022
5161D,QQB6Q,5,5,3/15/2022
5161D,1XG6O,,5,10/2/2022
JPAQK,OPGY0,,5,6/17/2022
JPAQK,6EBHW,4,4,2/25/2022
JPAQK,QLECR,5,5,1/3/2022
QFE4D,ARQJD,4,4,10/19/2022
QFE4D,N8P04,,5,7/18/2022
QFE4D,UFNZK,1,1,3/2/2022
31U1S,X9W2Z,2,2,9/14/2022
31U1S,BBHBZ,4,4,9/30/2022
31U1S,DPGAP,,5,8/7/2022
74KQ3,PB6Z6,,5,5/30/2022
74KQ3,0V5C9,,5,5/21/2022
74KQ3,D7CK2,3,3,6/30/2022
3QKNG,XAY57,,5,1/15/2022
3QKNG,5XI94,,5,8/7/2022
3QKNG,PHPNC,1,1,6/9/2022
UOQQQ,WUSF0,,5,9/5/2022
UOQQQ,9CR7S,,5,8/27/2022
UOQQQ,OETM3,,5,10/23/2022
GWCEK,BL4U8,,5,3/30/2022
GWCEK,CJZRT,1,1,1/7/2022
GWCEK,JWXSS,,5,5/21/2022
3SZYH,5PQAC,5,5,7/25/2022
3SZYH,8LJTP,,5,3/3/2022
3SZYH,L9Y33,2,2,9/22/2022
ELS9U,QXXKB,,5,3/17/2022
ELS9U,IJ61L,,5,9/3/2022
ELS9U,3S3MN,3,3,5/18/2022
FBQKG,U98HN,,5,9/1/2022
FBQKG,WH1ZH,5,5,9/29/2022
FBQKG,F5WTM,,5,7/13/2022
NIT79,BHDQW,3,3,1/8/2022
NIT79,0YDV7,3,3,10/11/2022
NIT79,C78AR,,5,10/13/2022
32D25,BBHBZ,2,2,4/7/2022
32D25,WDR82,5,5,8/10/2022
32D25,C1NTG,,5,4/5/2022
L2EVX,UOQ2K,3,3,4/17/2022
L2EVX,29003,,5,3/13/2022
L2EVX,O8YYV,,5,10/22/2022
7RFUM,PINBW,,5,6/13/2022
7RFUM,6P3VN,,5,1/31/2022
7RFUM,7QINW,,5,8/11/2022
O7HKP,DPGAP,5,5,6/24/2022
O7HKP,VX9SU,4,4,4/2/2022
O7HKP,SNR6X,,5,10/16/2022
ZNQOP,EJ2DW,,5,10/5/2022
ZNQOP,SB3L6,,5,6/24/2022
ZNQOP,VX9SU,,5,7/17/2022
Q3K6Y,AP5ZX,,5,10/1/2022
Q3K6Y,T40C2,3,3,2/8/2022
Q3K6Y,AADER,,5,3/15/2022
QGU1G,ZVZGY,,5,3/5/2022
QGU1G,BF3QQ,,5,6/21/2022
QGU1G,IJ61L,,5,1/26/2022
R71RZ,WJRLZ,,5,6/15/2022
R71RZ,VWQZC,5,5,9/4/2022
R71RZ,G558B,4,4,6/3/2022
LXLLZ,3AFOH,,5,4/16/2022
LXLLZ,4PJSD,,5,4/9/2022
LXLLZ,CA969,4,4,6/19/2022
87KJ3,92I2Y,,5,10/22/2022
87KJ3,VJV2D,,5,10/28/2022
87KJ3,6LV2R,4,4,5/19/2022
W11VL,XAY57,,5,8/25/2022
W11VL,YA5CE,,5,5/8/2022
W11VL,RYVDX,1,1,2/5/2022
4L72G,X1CL7,1,1,4/30/2022
4L72G,P3UIF,,5,1/12/2022
4L72G,F5WTM,1,1,7/11/2022
NC8X8,SNR6X,3,3,1/5/2022
NC8X8,A8U7K,5,5,10/24/2022
NC8X8,0OWRH,,5,4/8/2022
LN19C,IBCNI,,5,3/20/2022
LN19C,Q1X68,4,4,10/24/2022
LN19C,G2W79,2,2,6/4/2022
YI585,1WI5Q,2,2,5/31/2022
YI585,HQSNA,,5,6/19/2022
YI585,4DGUK,,5,9/4/2022
J05YP,X1CL7,1,1,8/31/2022
J05YP,0HGJC,,5,9/19/2022
J05YP,46YCO,,5,6/1/2022
J670J,A5WQ0,1,1,9/28/2022
J670J,3K1ND,,5,1/15/2022
J670J,PRBZA,,5,8/15/2022
3GLLQ,WJRLZ,,5,6/30/2022
3GLLQ,CYGAE,,5,5/18/2022
3GLLQ,Q0UI3,,5,8/9/2022
OPS7M,C78AR,2,2,2/19/2022
OPS7M,K52E6,5,5,8/8/2022
OPS7M,FRH4L,,5,10/3/2022
U9IHI,H7FKP,,5,4/19/2022
U9IHI,R8LB9,1,1,5/8/2022
U9IHI,C78AR,1,1,1/10/2022
UG4IB,HH8AJ,,5,6/4/2022
UG4IB,3K1ND,,5,7/3/2022
UG4IB,EXO6D,1,1,7/22/2022
WEGDK,6LV2R,,5,2/22/2022
WEGDK,YRTVH,,5,1/17/2022
WEGDK,Z6UIX,,5,2/1/2022
0VBVH,3DEPB,,5,8/8/2022
0VBVH,UOQ2K,3,3,5/15/2022
0VBVH,KR138,2,2,5/21/2022
96A1O,BJLLH,,5,1/2/2022
96A1O,CGC2X,,5,1/27/2022
96A1O,36SYH,,5,3/16/2022
HS3Y5,P4FIZ,,5,10/6/2022
HS3Y5,FWVAJ,5,5,2/13/2022
HS3Y5,BSJMW,,5,9/18/2022
W1C0V,E9K7C,1,1,7/29/2022
W1C0V,7TOUB,,5,7/2/2022
W1C0V,D73LI,4,4,1/17/2022
G9KLT,O0KP9,5,5,5/3/2022
G9KLT,ZLIUE,1,1,1/10/2022
G9KLT,0WYR7,,5,5/3/2022
29OYG,VW8H6,,5,6/2/2022
29OYG,TYD9O,5,5,2/18/2022
29OYG,JY3X4,,5,10/24/2022
Y85R4,YDZC3,,5,9/4/2022
Y85R4,KVQRA,,5,4/17/2022
Y85R4,HQSNA,,5,6/7/2022
EX0P4,7IVK8,,5,9/18/2022
EX0P4,6EBHW,,5,2/25/2022
EX0P4,L18JT,1,1,8/20/2022
D2UK0,NBQEK,,5,2/27/2022
D2UK0,6ZG2P,1,1,6/6/2022
D2UK0,HYR8F,,5,4/29/2022
3PM3M,C9XKL,,5,7/18/2022
3PM3M,Q1X68,3,3,1/24/2022
3PM3M,KVQRA,2,2,3/5/2022
1YV4D,P4FIZ,,5,2/18/2022
1YV4D,IH8AP,,5,2/22/2022
1YV4D,1VPD1,,5,7/6/2022
B75JY,FZ6BO,3,3,10/1/2022
B75JY,Z0LJU,5,5,9/7/2022
B75JY,1149O,3,3,10/6/2022
D4ZWD,WDR82,,5,10/24/2022
D4ZWD,GQIZU,2,2,10/9/2022
D4ZWD,U29GK,2,2,1/19/2022
JSUMG,F98VS,,5,10/11/2022
JSUMG,L6USX,,5,7/21/2022
JSUMG,4UMXE,,5,1/17/2022
G00D1,36SYH,,5,8/4/2022
G00D1,4L0BA,,5,9/26/2022
G00D1,R5OOD,,5,10/16/2022
S86V6,7W8YE,3,3,9/28/2022
S86V6,6PA04,2,2,9/3/2022
S86V6,RVZRR,,5,5/31/2022
DX4HK,T4T3I,,5,3/11/2022
DX4HK,G558B,,5,5/14/2022
DX4HK,4Z5VC,,5,8/16/2022
014TM,TH583,3,3,2/2/2022
014TM,UOQ2K,,5,2/1/2022
014TM,4VDK3,4,4,8/6/2022
80A8F,61A69,,5,3/9/2022
80A8F,C8HL5,,5,4/14/2022
80A8F,LHRYU,,5,3/20/2022
7JVGI,3QPJE,3,3,4/12/2022
7JVGI,0HC1E,5,5,5/8/2022
7JVGI,V20LN,,5,9/30/2022
P6AVV,Z5WLW,,5,10/3/2022
P6AVV,46YCO,,5,4/9/2022
P6AVV,Y4RHZ,3,3,4/11/2022
BY6MS,P0JA5,5,5,7/20/2022
BY6MS,DNCLE,2,2,6/27/2022
BY6MS,3KCY4,,5,3/2/2022
ZRYY6,CA1H1,1,1,10/21/2022
ZRYY6,C0UHU,,5,6/24/2022
ZRYY6,L4VJ1,4,4,8/3/2022
7M8II,P0JA5,,5,3/1/2022
7M8II,670AO,,5,1/15/2022
7M8II,DAWJW,4,4,9/3/2022
CXRQA,Y4HF3,,5,8/16/2022
CXRQA,YDQ24,,5,3/10/2022
CXRQA,D7CK2,3,3,9/7/2022
B8HWI,GPYLB,4,4,7/18/2022
B8HWI,NKNLM,,5,1/14/2022
B8HWI,LBHMK,1,1,10/22/2022
BFNT5,QFR1K,4,4,5/3/2022
BFNT5,E189I,,5,1/28/2022
BFNT5,CVK2U,,5,3/16/2022
XKF48,CZ859,,5,9/9/2022
XKF48,ZVZGY,,5,6/27/2022
XKF48,PB6Z6,2,2,8/26/2022
H1VZ6,AU687,1,1,4/3/2022
H1VZ6,5PQAC,5,5,6/28/2022
H1VZ6,VW8H6,1,1,7/22/2022
ID4U1,AZQD3,3,3,3/3/2022
ID4U1,2SZAM,,5,10/3/2022
ID4U1,7H518,4,4,5/10/2022
KXRCM,P3UIF,3,3,9/12/2022
KXRCM,R5OOD,,5,2/22/2022
KXRCM,VW8H6,,5,7/5/2022
P53VO,M63IT,,5,10/27/2022
P53VO,VJL5E,,5,8/4/2022
P53VO,HSQAJ,3,3,1/23/2022
X7H0W,6RCV4,,5,7/31/2022
X7H0W,IJ61L,1,1,2/2/2022
X7H0W,FUS1Y,4,4,7/21/2022
ZZDL1,CUVCD,,5,5/14/2022
ZZDL1,NKNLM,,5,1/1/2022
ZZDL1,K3UHS,,5,10/28/2022
BJ5MR,F98VS,,5,2/1/2022
BJ5MR,JZ1WL,2,2,2/10/2022
BJ5MR,BQ74R,3,3,6/16/2022
MZKMH,BF3QQ,,5,8/24/2022
MZKMH,Z0LJU,,5,5/17/2022
MZKMH,AZB2M,2,2,8/10/2022
KD4EF,TIQ1A,5,5,6/25/2022
KD4EF,ZST93,4,4,5/11/2022
KD4EF,QWAWV,2,2,5/27/2022
AHN40,8Q3XK,,5,7/18/2022
AHN40,1H9CX,2,2,5/21/2022
AHN40,CJZRT,,5,9/5/2022
R6GSN,LZAU3,2,2,2/16/2022
R6GSN,E9K7C,2,2,2/22/2022
R6GSN,VZNU6,,5,5/4/2022
MMVUI,W7QGR,,5,1/9/2022
MMVUI,3AFOH,5,5,3/12/2022
MMVUI,F98VS,,5,10/12/2022
HTN21,DAWJW,,5,2/18/2022
HTN21,XAY57,5,5,1/8/2022
HTN21,L8LC6,,5,5/12/2022
3WTUH,JH82V,,5,8/24/2022
3WTUH,EBQH2,,5,3/17/2022
3WTUH,PB6Z6,2,2,1/18/2022
3QX44,IP7TK,,5,6/10/2022
3QX44,RJWPA,,5,9/8/2022
3QX44,46YCO,,5,1/25/2022
XJN41,UP16N,,5,9/29/2022
XJN41,QMHWG,3,3,5/1/2022
XJN41,AWXDQ,,5,6/1/2022
V7MFZ,FWB4W,,5,1/21/2022
V7MFZ,QX1AY,,5,8/22/2022
V7MFZ,BJLLH,,5,10/26/2022
DQHRQ,PRF6N,,5,10/4/2022
DQHRQ,3XOCG,3,3,3/7/2022
DQHRQ,Y10ZO,,5,5/19/2022
UQEWZ,K5CLT,,5,1/31/2022
UQEWZ,QFR1K,,5,6/8/2022
UQEWZ,3I68A,,5,1/21/2022
TVTMO,Z5WLW,4,4,6/21/2022
TVTMO,N3780,5,5,5/18/2022
TVTMO,1VPD1,3,3,8/23/2022
I6EW3,6QJGV,2,2,8/29/2022
I6EW3,BW3MU,,5,10/21/2022
I6EW3,8F6ZS,4,4,4/10/2022
FHC7C,FUR3X,,5,9/19/2022
FHC7C,77KUY,,5,5/1/2022
FHC7C,FFZPQ,1,1,8/7/2022
1OB8R,EBQH2,,5,6/26/2022
1OB8R,UFNZK,,5,6/10/2022
1OB8R,6ZG2P,,5,3/12/2022
VHUH7,SEOMV,4,4,1/12/2022
VHUH7,VKCWC,5,5,6/26/2022
VHUH7,VRWGT,,5,4/13/2022
0UIH1,IBCNI,,5,3/15/2022
0UIH1,6NS86,,5,5/31/2022
0UIH1,L9Y33,5,5,1/25/2022
6QFD3,AWFGJ,3,3,5/19/2022
6QFD3,LZLDV,5,5,2/7/2022
6QFD3,0R2KU,,5,2/17/2022
MAQ20,HC0DY,,5,1/11/2022
MAQ20,AZB2M,,5,5/17/2022
MAQ20,WSHUH,,5,1/9/2022
A738K,8X3PV,3,3,3/10/2022
A738K,1JA6J,3,3,6/6/2022
A738K,V2EVU,,5,8/28/2022
TCL8K,5XI94,,5,9/26/2022
TCL8K,DAWJW,,5,9/11/2022
TCL8K,6QJGV,,5,1/6/2022
I3FV0,SB3L6,,5,5/6/2022
I3FV0,3S3MN,,5,6/27/2022
I3FV0,1149O,,5,8/4/2022
ZD8HY,CZOIF,1,1,10/17/2022
ZD8HY,JQY1C,,5,9/27/2022
ZD8HY,0YU61,,5,7/12/2022
C0DKH,A8U7K,,5,7/5/2022
C0DKH,R8LB9,,5,2/1/2022
C0DKH,OTAU7,,5,1/21/2022
8DO01,WPI4A,,5,7/28/2022
8DO01,KVQRA,,5,6/6/2022
8DO01,V20LN,2,2,4/12/2022
ARPGW,WHC3M,5,5,1/11/2022
ARPGW,V5MBV,5,5,9/9/2022
ARPGW,AWXDQ,1,1,7/20/2022
21LO7,Z5WLW,,5,2/7/2022
21LO7,SHKRM,5,5,2/1/2022
21LO7,7VWUB,,5,5/10/2022
58HMO,BW3MU,5,5,5/20/2022
58HMO,F1G3J,,5,2/8/2022
58HMO,DDZV9,5,5,7/3/2022
BCD6Y,5H4D3,,5,1/13/2022
BCD6Y,XYUHX,1,1,3/1/2022
BCD6Y,Q1X68,,5,7/20/2022
UTXQ0,Z6UIX,,5,8/31/2022
UTXQ0,UEAU3,,5,4/22/2022
UTXQ0,7T5MJ,,5,1/15/2022
0KWBK,BSJMW,4,4,1/1/2022
0KWBK,3FLK5,,5,5/27/2022
0KWBK,0C7T4,,5,5/12/2022
C9PNG,WUSF0,,5,3/2/2022
C9PNG,OFOQB,,5,8/1/2022
C9PNG,HC0DY,,5,9/28/2022
XFUTX,ZXBS8,,5,2/27/2022
XFUTX,R5OOD,,5,3/4/2022
XFUTX,N5X40,1,1,3/9/2022
IHYZO,W2FN3,,5,3/3/2022
IHYZO,9WYAI,,5,9/6/2022
IHYZO,2SZAM,,5,9/22/2022
QY4TX,TJX73,,5,4/5/2022
QY4TX,KGD5Z,,5,8/31/2022
QY4TX,XMWLA,1,1,5/8/2022
HEWAY,JI8HS,,5,1/10/2022
HEWAY,HFAMO,,5,7/7/2022
HEWAY,ZVZGY,,5,9/1/2022
PTWTQ,QX1AY,3,3,9/21/2022
PTWTQ,FYQCT,2,2,6/4/2022
PTWTQ,3I68A,4,4,1/18/2022
8ZMGH,08KUN,,5,3/29/2022
8ZMGH,O9NN6,4,4,4/4/2022
8ZMGH,SB3L6,,5,9/4/2022
O2GM5,0WYR7,,5,4/20/2022
O2GM5,WW2NM,3,3,5/8/2022
O2GM5,J83G9,,5,3/8/2022
UV3UZ,L9Y33,4,4,4/3/2022
UV3UZ,AZB2M,,5,5/17/2022
UV3UZ,OPGY0,5,5,3/29/2022
LNK75,SNR6X,3,3,3/5/2022
LNK75,5P7C4,,5,6/13/2022
LNK75,H7FKP,,5,6/29/2022
NWBZ2,FFBXJ,,5,5/22/2022
NWBZ2,LZLDV,,5,8/8/2022
NWBZ2,519G2,,5,2/23/2022
OQRY2,6IPKS,,5,5/31/2022
OQRY2,Y1GW1,,5,8/8/2022
OQRY2,CXDQI,,5,10/27/2022
ZZSO4,1QXIF,,5,1/6/2022
ZZSO4,RVZRR,,5,3/4/2022
ZZSO4,P1ZUA,,5,8/15/2022
OEVFB,CXDQI,,5,1/3/2022
OEVFB,WUSF0,,5,9/24/2022
OEVFB,M2HT6,,5,6/1/2022
YNRQM,Y26NY,,5,10/7/2022
YNRQM,JWXSS,1,1,3/8/2022
YNRQM,NKKLD,,5,2/27/2022
4E6TM,I8U4Z,4,4,1/8/2022
4E6TM,D7CK2,,5,1/10/2022
4E6TM,SGSRE,5,5,5/6/2022
LAZEE,UEAU3,3,3,7/18/2022
LAZEE,VJL5E,,5,1/15/2022
H76NU,0WYR7,2,2,1/19/2022
H76NU,E9K7C,,5,2/13/2022
H76NU,9CR7S,,5,8/11/2022
PS575,3M1YI,5,5,8/26/2022
PS575,Y2ZFL,3,3,2/27/2022
PS575,RPWW0,,5,3/1/2022
VJ7BS,8LJTP,,5,9/19/2022
VJ7BS,TJ6FX,,5,5/28/2022
VJ7BS,6KXC3,5,5,1/11/2022
X1OFN,I8U4Z,,5,6/12/2022
X1OFN,YFIBA,,5,6/19/2022
X1OFN,V2EVU,1,1,8/9/2022
X8DQM,K3MXR,3,3,9/24/2022
X8DQM,8HSSP,,5,5/10/2022
X8DQM,Y2ZFL,4,4,10/4/2022
D8XWN,ZXBS8,,5,4/7/2022
D8XWN,G06XS,,5,2/23/2022
D8XWN,3DEPB,1,1,5/22/2022
L9Z76,62876,1,1,7/18/2022
L9Z76,G9Q2G,2,2,3/26/2022
L9Z76,F5WTM,,5,7/27/2022
34CO5,PBHFC,4,4,6/5/2022
34CO5,CZOIF,,5,1/29/2022
34CO5,PZXJ8,,5,2/20/2022
P3U4Z,QN99Y,,5,6/8/2022
P3U4Z,JUDOH,,5,8/8/2022
P3U4Z,AXYFV,5,5,9/13/2022
WP5LA,078O0,,5,5/17/2022
WP5LA,7CIPO,5,5,2/7/2022
WP5LA,VRWGT,,5,6/17/2022
BV2XZ,87U6Q,3,3,6/19/2022
BV2XZ,P9Q6Y,,5,4/6/2022
BV2XZ,NUPCW,,5,7/2/2022
YTILS,O8YYV,5,5,5/29/2022
YTILS,142WW,3,3,3/29/2022
YTILS,QFR1K,,5,6/3/2022
V4KU0,ZB7CT,,5,4/4/2022
V4KU0,P8UM4,5,5,9/8/2022
V4KU0,OE791,5,5,7/6/2022
UHK0I,3RNZG,,5,6/4/2022
UHK0I,TGD2Z,,5,8/14/2022
UHK0I,3K1ND,3,3,1/27/2022
AHYNX,TH583,,5,4/9/2022
AHYNX,P8UM4,,5,4/18/2022
AHYNX,SZXQH,,5,7/24/2022
2CS1W,UHYY9,2,2,5/25/2022
2CS1W,DGX8H,,5,7/30/2022
2CS1W,7CIPO,4,4,1/9/2022
ZIP2N,6LV2R,,5,8/23/2022
ZIP2N,BX2PI,,5,8/26/2022
ZIP2N,87CKX,5,5,7/4/2022
M22VL,LJNGC,5,5,4/3/2022
M22VL,PV7VX,1,1,4/18/2022
M22VL,BF3QQ,,5,1/16/2022
HI202,P3UIF,2,2,8/26/2022
HI202,LBHMK,,5,5/5/2022
HI202,8VI0V,,5,6/1/2022
A2ZTX,U3D5E,4,4,9/1/2022
A2ZTX,CGC2X,,5,2/11/2022
A2ZTX,19J34,2,2,7/27/2022
U6275,N169E,3,3,1/19/2022
U6275,9CR7S,,5,2/26/2022
U6275,7H518,5,5,10/5/2022
VX25V,AZB2M,,5,6/2/2022
VX25V,SZXQH,2,2,1/11/2022
VX25V,9FJ8S,,5,10/26/2022
T9ZSG,3I68A,3,3,6/13/2022
T9ZSG,LZAU3,5,5,10/11/2022
T9ZSG,O8YYV,,5,6/2/2022
QN8ZE,AWFGJ,,5,6/18/2022
QN8ZE,6QJGV,,5,2/10/2022
QN8ZE,SFE8H,,5,10/4/2022
H3RDT,WHC3M,2,2,6/28/2022
H3RDT,0HGJC,1,1,8/23/2022
H3RDT,IH8AP,,5,6/29/2022
XUPLB,V2EVU,1,1,3/4/2022
XUPLB,C78AR,3,3,3/7/2022
XUPLB,T4T3I,1,1,5/13/2022
C07UU,6RCV4,,5,7/4/2022
C07UU,6KVU0,5,5,6/9/2022
C07UU,QWAWV,,5,3/3/2022
KU4UY,85TQL,,5,8/18/2022
KU4UY,BQ74R,4,4,4/21/2022
KU4UY,PHPNC,,5,10/23/2022
1A7TF,V2EVU,3,3,7/15/2022
1A7TF,P8UM4,1,1,2/13/2022
1A7TF,BK9EY,1,1,5/24/2022
V9QH1,QR035,,5,5/15/2022
V9QH1,Y10ZO,1,1,2/25/2022
V9QH1,3FKG7,2,2,9/2/2022
1JCS5,PBHFC,,5,5/19/2022
1JCS5,Y4HF3,,5,10/25/2022
1JCS5,UADIT,,5,7/3/2022
JIAY9,1XG6O,2,2,9/2/2022
JIAY9,20AR2,,5,7/21/2022
JIAY9,HFAMO,,5,10/20/2022
MDIBN,K2VIU,,5,1/21/2022
MDIBN,AZQD3,3,3,3/17/2022
MDIBN,7VWUB,3,3,4/11/2022
PKSKL,OTAU7,1,1,3/10/2022
PKSKL,W2FN3,,5,10/8/2022
PKSKL,JQY1C,4,4,8/15/2022
T6FM4,QMNGC,2,2,5/7/2022
T6FM4,LZAU3,,5,4/25/2022
T6FM4,8VI0V,,5,5/28/2022
R9VGY,Y1GW1,5,5,9/4/2022
R9VGY,M2HT6,,5,1/17/2022
R9VGY,H7FKP,3,3,4/24/2022
HGSO8,ZVZGY,,5,8/3/2022
HGSO8,DAWJW,,5,6/17/2022
HGSO8,7H518,,5,1/14/2022
CX5HZ,0WYR7,,5,9/22/2022
CX5HZ,9X7GU,5,5,6/9/2022
CX5HZ,CA1H1,,5,4/15/2022
K1WJT,TT1MJ,1,1,5/26/2022
K1WJT,Q1X68,5,5,10/10/2022
K1WJT,8Q3XK,,5,3/22/2022
ULP7M,G60H0,5,5,5/15/2022
ULP7M,C1NTG,2,2,2/22/2022
ULP7M,PZXJ8,,5,2/21/2022
S2EUS,DZC76,,5,2/12/2022
S2EUS,1MXH9,,5,8/27/2022
S2EUS,LC3OK,4,4,5/19/2022
Y8MOX,GVYOF,1,1,3/6/2022
Y8MOX,4GR4S,,5,1/13/2022
Y8MOX,WDR82,5,5,6/17/2022
HHIUW,9X7GU,,5,8/12/2022
HHIUW,KGD5Z,5,5,6/4/2022
HHIUW,KV5S9,,5,6/30/2022
4LPMU,FUAY0,,5,9/7/2022
4LPMU,T40C2,,5,10/4/2022
N2MTA,RLY94,,5,10/2/2022
N2MTA,O0KP9,3,3,9/22/2022
N2MTA,P8DKB,5,5,1/31/2022
1LA9S,C9XKL,3,3,6/15/2022
1LA9S,LQ8DW,,5,7/31/2022
1LA9S,ZLIUE,,5,10/10/2022
XXUXR,6LV2R,,5,8/4/2022
XXUXR,8LJTP,,5,2/23/2022
XXUXR,F5WTM,4,4,3/7/2022
5FZ9F,CTMHY,3,3,3/1/2022
5FZ9F,Y4RHZ,,5,3/22/2022
5FZ9F,XZJXD,4,4,3/5/2022
5FUOS,EJ8AM,,5,3/30/2022
5FUOS,YRL14,5,5,1/12/2022
5FUOS,PB6Z6,,5,7/24/2022
7KG61,U29GK,,5,2/22/2022
7KG61,N169E,,5,7/11/2022
7KG61,IBCNI,,5,5/19/2022
Q5K3I,OPGY0,,5,8/31/2022
Q5K3I,BIVH0,,5,10/13/2022
Q5K3I,0RNM3,,5,4/22/2022
RX4XW,FXVJ8,2,2,10/6/2022
RX4XW,NKKLD,1,1,5/11/2022
RX4XW,8RY42,3,3,9/23/2022
GPQ22,K52E6,4,4,2/16/2022
GPQ22,R2YNB,4,4,6/8/2022
GPQ22,VPIG7,,5,10/28/2022
1XG6O,LC3OK,,5,4/12/2022
1XG6O,7T5MJ,,5,3/3/2022
1XG6O,R2YNB,,5,5/14/2022
12TJH,M63IT,,5,9/1/2022
12TJH,PZXJ8,,5,7/14/2022
12TJH,BBHBZ,,5,5/9/2022
QWAWV,SHGFE,4,4,7/27/2022
QWAWV,DI0C5,,5,9/27/2022
QWAWV,K3MXR,5,5,2/26/2022
1E2BT,84ZNK,,5,5/27/2022
1E2BT,87BU7,,5,10/15/2022
1E2BT,22VQ9,,5,10/16/2022
77KUY,6GSGP,2,2,8/4/2022
77KUY,KGD5Z,,5,4/29/2022
77KUY,HH8AJ,4,4,4/2/2022
4MSI6,MRY5A,,5,5/28/2022
4MSI6,6GSGP,,5,5/15/2022
4MSI6,LC3OK,,5,6/1/2022
U4K0S,6IPKS,,5,7/3/2022
U4K0S,DAWJW,5,5,7/18/2022
U4K0S,R5OOD,,5,4/29/2022
CA1H1,L4VJ1,,5,6/9/2022
CA1H1,51WHM,5,5,6/7/2022
CA1H1,1149O,,5,2/7/2022
VKCWC,231ZN,,5,9/23/2022
VKCWC,CXDQI,4,4,3/1/2022
VKCWC,SHGFE,,5,2/27/2022
NW0RD,YA5CE,,5,1/2/2022
NW0RD,KR138,2,2,8/15/2022
NW0RD,UEAU3,4,4,8/20/2022
0YU61,X9W2Z,,5,9/4/2022
0YU61,V2EVU,4,4,10/1/2022
0YU61,PQEAZ,5,5,7/20/2022
CJZRT,2LVZE,5,5,2/11/2022
CJZRT,H2NH0,,5,9/28/2022
CJZRT,20AR2,,5,9/9/2022
NUPCW,OPGY0,,5,9/29/2022
NUPCW,G6G4D,1,1,3/21/2022
NUPCW,9CWE6,,5,8/20/2022
V1RZB,J5PAC,,5,9/8/2022
V1RZB,AZB2M,1,1,8/23/2022
V1RZB,3RNZG,,5,7/19/2022
3M1YI,W7QGR,,5,2/13/2022
3M1YI,7ERSM,2,2,4/14/2022
3M1YI,0V5C9,1,5,9/25/2022
8OHXT,05TT7,2,5,5/30/2022
8SECR,07FHU,2,5,10/22/2022
8UVM6,084LH,3,5,6/13/2022
8V5CO,08NIU,2,5,1/16/2022
8WCLV,09MWX,1,2,4/11/2022
8WQ8N,0CGLY,2,5,7/18/2022
8WZ67,0DXF6,5,5,7/8/2022
8XKTJ,0FY88,4,5,6/7/2022
8XTIF,0HCHB,5,2,4/28/2022
8ZMGH,0HH0X,1,5,7/5/2022
8ZSZV,0HQSK,5,1,5/20/2022
91697,0IJYB,4,4,8/15/2022
91I4R,0J28P,5,4,3/26/2022
9277X,0KWBK,3,1,7/16/2022
93C9Y,0MSFY,1,5,2/24/2022
95VW4,0N456,3,2,4/20/2022
96A1O,0O0Z9,5,3,2/24/2022
96CTH,0OSLH,1,3,10/21/2022
97WGH,0PAO8,4,1,2/6/2022
99Z5K,0PI7Y,5,4,8/29/2022
9ACJU,0Q0TF,4,4,4/8/2022
9B61G,0QZU3,4,2,7/26/2022
9BCRK,0SLTR,5,3,10/1/2022
9CBY9,0U86S,4,4,8/22/2022
9CDZ6,0UIH1,5,5,2/27/2022
9CX7X,0VBVH,1,4,5/1/2022
9EMHE,0VI2U,3,4,2/8/2022
9F21Y,0WQRI,2,4,10/11/2022
9FRBB,0WVGB,1,5,1/29/2022
9GGTF,0WZQE,3,3,9/23/2022
9GVYW,0X8UZ,4,2,5/9/2022
9H7FL,0XP3P,5,4,7/3/2022
9LVEL,0XUQ4,2,2,8/6/2022
9MLRR,0XVLN,2,2,2/9/2022
9QUHS,0Y8UX,1,1,5/18/2022
9R94E,0YH47,4,5,6/18/2022
9RJNO,0YOS5,4,4,5/3/2022
9RSZ3,0ZK3C,5,2,8/26/2022
9S4KG,10SW3,4,3,9/6/2022
9SH9V,119G3,5,1,3/21/2022
9SZLC,11RRN,2,3,8/3/2022
9TAE6,125DH,5,3,7/5/2022
9U6E5,13DOA,2,3,6/21/2022
9UACF,14LVI,1,4,7/22/2022
9UKNK,15H0W,3,1,4/12/2022
9USEK,17FO7,3,4,1/25/2022
9VJ3R,18ATI,2,1,8/2/2022
9XPY5,190M0,1,3,1/6/2022
9YNBR,19AOW,4,3,2/6/2022
9YSA1,1A6DQ,5,2,10/7/2022
A2I46,1A7TF,2,3,6/4/2022
A2ZTX,1DDCA,5,2,10/3/2022
A330H,1DDFX,3,1,9/17/2022
A5VM6,1E0GR,3,1,8/31/2022
A62GD,1EH9Z,3,2,1/1/2022
A6VKI,1FSGF,3,1,8/26/2022
A738K,1HJME,1,5,7/11/2022
A7G08,1HXJN,1,2,5/10/2022
A83QH,1HZAS,2,1,4/5/2022
A84FX,1IN21,3,1,10/11/2022
A861D,1IV22,5,4,5/7/2022
ABMLY,1JCS5,1,1,10/1/2022
ABX8N,1KW1Z,2,2,3/16/2022
AD6O9,1LA9S,5,5,8/9/2022
ADOBP,1LDDF,4,3,3/28/2022
AE324,1M3VQ,4,5,4/3/2022
AGIEN,1N0VL,1,2,2/25/2022
AHN40,1N21A,3,2,7/30/2022
AHYNX,1OB8R,5,1,6/23/2022
AI784,1OMEL,4,4,2/5/2022
AKLNZ,1OQRH,3,5,2/1/2022
AKY0V,1PDPT,5,4,5/5/2022
AL0KT,1IV1D,1,5,7/17/2022
ALA9F,1SE3V,3,2,7/10/2022
AM151,1TIDW,5,1,2/12/2022
AMFD2,1X4R3,1,2,4/28/2022
ANWAD,1XR4F,2,2,8/3/2022
APWNU,1YHWL,2,5,4/24/2022
AQQLE,1YV4D,2,3,10/2/2022
ARPGW,1ZSRG,5,5,2/18/2022
ATFEH,209SC,2,1,8/1/2022
AUA3U,21LO7,2,3,5/10/2022
AUQ1P,23CAD,4,3,7/29/2022
AVAG4,23NVZ,5,3,3/20/2022
AYMCG,23UTD,5,5,8/23/2022
AYTRE,24933,2,2,8/1/2022
AZW6M,24T1N,5,3,8/17/2022
B0WMN,264VP,5,4,4/22/2022
B1JLP,265KR,3,2,6/22/2022
B3OWC,26AJ1,5,2,2/5/2022
B3U4W,27188,4,1,8/20/2022
B75JY,27AN1,1,1,5/30/2022
B75QF,28KWN,4,2,5/4/2022
B8HWI,2917B,4,3,8/12/2022
B9099,296ZK,1,2,4/5/2022
BAOCV,29IRK,3,1,4/23/2022
BBU6A,29J0D,1,5,3/13/2022
BC3Y7,29JBC,1,1,3/15/2022
BCD6Y,29OYG,4,2,3/14/2022
BCOQK,2B9LL,4,3,1/13/2022
BEM0O,2BO7X,5,2,8/26/2022
BFLOJ,2C3O9,4,3,9/13/2022
BFNT5,2C9MR,2,5,4/11/2022
BGZ27,2CCMP,3,5,7/5/2022
BJ5MR,2CS1W,1,4,1/27/2022
BJTDP,2D3BP,1,1,2/4/2022
BKV8V,2F0J7,4,4,9/21/2022
BLIBV,2J3VC,4,4,10/22/2022
BLVD4,2K19M,5,3,2/20/2022
BMK8A,2LNLH,4,3,2/28/2022
BNSPI,2NR1Z,5,1,1/16/2022
BOBMM,2NXQQ,4,3,2/1/2022
BPNKV,2O26M,3,5,9/29/2022
BQPX6,2OOR4,4,3,7/29/2022
BRE9O,2R2RD,1,3,9/23/2022
BRX62,2TNDQ,4,2,6/1/2022
BS8RT,2WKJ6,4,5,10/1/2022
BTYR8,2XFAG,5,5,7/23/2022
BU4WM,2YDB0,2,1,7/22/2022
BU7CW,2YLB9,1,5,4/2/2022
BV2XZ,30COR,2,3,3/25/2022
BWBBV,30W0S,5,3,9/21/2022
BWFAD,31DDO,4,5,8/18/2022
BWIBS,31U1S,1,2,6/12/2022
BWX1O,3200F,1,3,8/14/2022
BY6MS,32D25,2,3,4/17/2022
BYODB,32FQ6,3,1,6/24/2022
BZ0D8,32MLE,1,2,7/11/2022
BZ8KN,32TH1,2,2,9/7/2022
C07UU,34CO5,5,4,9/29/2022
C0DKH,34E4O,1,3,5/19/2022
C14OD,34K6O,4,5,2/1/2022
C3TFL,36WSY,4,5,5/6/2022
C4HH8,36ZFN,3,5,8/26/2022
C52MZ,3B74Z,2,5,2/14/2022
C6WW3,3BADC,1,3,7/8/2022
C6XFV,3GLLQ,3,5,8/16/2022
C99EN,3GV4L,2,3,9/2/2022
C9PNG,3IE1R,2,4,5/11/2022
CB7EM,3IHDQ,3,2,3/15/2022
CB8WV,3IZIO,3,5,4/5/2022
CC7BL,3JETR,1,3,1/7/2022
CHEEQ,3JK3B,5,1,10/12/2022
CJNTE,3JKX9,1,4,4/16/2022
CJOR6,3KCKA,1,3,2/15/2022
CK3WB,3KRWX,3,1,10/1/2022
CKCU9,3L6YR,1,2,3/27/2022
CKEYL,3LM05,1,3,5/25/2022
CNHAF,3N5PV,1,5,3/8/2022
COVLS,3OZAF,5,2,5/10/2022
CRABF,3PM3M,2,2,6/15/2022
CS52N,3PWJX,5,4,1/25/2022
CSADE,3Q25L,2,3,2/9/2022
CSD0V,3QKNG,5,3,2/26/2022
CSPPU,3QX44,4,3,9/28/2022
CSYDK,3R3CX,4,3,3/26/2022
CT9EA,3SZYH,5,4,1/18/2022
CUYEM,3VFQ2,2,4,8/11/2022
CVFG8,3WTUH,2,2,9/4/2022
CVL2V,3WVU4,5,2,7/27/2022
CVYN5,3XNZ1,1,3,8/22/2022
CX5HZ,3XP84,2,3,9/22/2022
CX6QZ,3Y8CK,2,4,1/29/2022
CXKB1,3YHIB,5,3,1/11/2022
CXRQA,406IP,5,2,2/18/2022
CYELM,40KS6,3,4,9/4/2022
D0S52,41N52,5,2,3/15/2022
D0VJ7,428TG,2,2,8/24/2022
D263O,42CYZ,3,2,8/12/2022
D2Q3L,42LPG,5,4,2/16/2022
D2UK0,439OA,4,2,6/1/2022
D4ZWD,47ZNU,4,4,2/5/2022
D5WMR,48WSF,5,1,5/24/2022
D74FY,4AJIZ,1,1,2/15/2022
D7QXD,4B7RT,3,4,1/15/2022
D8QFI,4BHE3,3,1,3/17/2022
D8XWN,4DMZ0,4,2,3/13/2022
D9I0U,4E6TM,4,3,10/6/2022
D9KVB,4FLGR,1,1,2/18/2022
DAN4S,4G3HC,1,3,7/6/2022
DCPZS,4H3EB,2,5,3/23/2022
DG4JB,4HF2N,4,1,10/10/2022
DG564,4I9NK,2,3,1/24/2022
DGIQS,4JF8Z,5,4,9/21/2022
DGJ85,4JYXT,3,1,1/9/2022
DGXF3,4K0LS,1,4,7/31/2022
DHOPC,4L72G,5,3,6/15/2022
DIVWB,4LPMU,3,5,8/30/2022
DIW92,4N2BL,2,5,2/9/2022
DJXHT,4N88L,5,1,4/11/2022
DKV6T,4NAL1,3,4,1/28/2022
DOC7B,4O0Y5,3,3,3/27/2022
DQHRQ,4P2MC,5,5,1/28/2022
DQZ31,4PPY5,2,4,9/9/2022
DR99N,4QH2W,5,3,4/27/2022
DRS4Z,4TVZ6,1,2,5/17/2022
DRUJF,4UA1H,3,3,6/19/2022
DS31G,4UQN9,4,3,3/12/2022
DSQMQ,4V1BK,4,3,1/24/2022
DTEM6,4VAZ0,5,4,7/15/2022
DUEVE,4VNRV,1,3,7/1/2022
DUI40,4VU99,5,5,1/16/2022
DUO19,4WDAD,5,2,8/20/2022
DUON5,4WQIB,3,4,2/9/2022
DV5YK,4Y2ZV,3,2,9/29/2022
DW9X3,4YOZ4,3,3,6/1/2022
DX4HK,4YXU2,5,1,3/19/2022
DY0CE,50QRU,3,4,4/12/2022
DYLYY,511Y0,2,3,5/20/2022
DZ55X,513PH,1,5,10/12/2022
DZ83S,5161D,5,1,7/2/2022
E0OZR,53DXQ,1,1,8/10/2022
E0Y4Q,540AP,2,4,3/7/2022
E3B3Y,549MU,3,4,9/28/2022
E4ZWX,55LLX,1,1,9/19/2022
E5TBY,55M8O,3,4,3/20/2022
E5UW1,56WIZ,2,5,10/26/2022
E767D,57F8O,2,4,1/23/2022
E8IE5,58HMO,2,2,9/20/2022
E9ZT8,5A3D5,5,3,3/3/2022
EAJK3,5BSNM,1,4,3/4/2022
ECMC0,5C0M1,3,1,5/13/2022
EDFVE,5CMBO,1,4,7/25/2022
EDSO3,5D94C,1,3,4/8/2022
EE1TK,5E4CU,4,5,2/15/2022
EFHUG,5E55S,2,2,8/20/2022
EFOCU,5EICG,2,2,6/21/2022
EGS01,5EO9W,5,1,9/16/2022
EGZ4J,5FUOS,5,4,3/9/2022
EI2V3,5FZ9F,3,5,1/6/2022
EJCF2,5G65D,2,5,7/3/2022
ELMVL,5GJ8O,3,4,9/22/2022
ELS9U,5GPI8,2,5,6/9/2022
EM4A1,5IIW3,5,3,8/10/2022
EMSKC,5JGBI,4,5,7/17/2022
ENAL5,5KS9R,5,1,5/1/2022
ENONP,5LT2X,3,1,9/10/2022
EQSI4,5OD7M,1,5,5/19/2022
ER7HT,5ON83,5,1,5/31/2022
ERS0B,5PG9M,1,1,9/13/2022
ESBJV,5QMOL,5,5,4/8/2022
ETGJX,5SO0V,1,2,3/1/2022
ETIFQ,5UFE8,4,4,8/6/2022
EU9FM,5UUSW,5,1,9/26/2022
EX0P4,5VK6S,4,1,1/5/2022
EXIFE,5VPLQ,1,2,6/27/2022
EYUAB,5WEF0,5,3,10/15/2022
EZN0O,5WONO,1,4,1/31/2022
F1N7U,5XGBY,4,3,5/11/2022
F22MY,5Y5TX,1,1,10/15/2022
F28UM,5YN0B,1,4,1/18/2022
F30I4,5ZSRB,2,3,7/31/2022
F4LE2,608BZ,3,5,4/20/2022
F4OTA,61BIL,2,4,2/22/2022
F4Q4C,61YGY,2,3,4/4/2022
F5HG5,628RH,5,3,10/23/2022
F5NLR,62ELS,1,1,7/7/2022
F6ASA,62FFP,1,4,5/17/2022
F6E0B,64CFW,5,2,8/25/2022
F79ZR,662WK,2,5,4/22/2022
F7QHM,66LLP,1,3,9/19/2022
F95B8,66PSO,3,5,5/20/2022
F9R3A,687EJ,1,4,8/18/2022
FBQKG,68QVY,4,5,9/4/2022
FCEQT,693CV,1,3,8/30/2022
FDHHQ,6BAHN,2,1,2/21/2022
FDXK3,6D2XH,3,3,10/5/2022
FEW4E,6E64O,5,5,5/1/2022
FGGVY,6E7QO,3,3,5/31/2022
FHC7C,6EBA2,5,1,10/18/2022
FKHQP,6EL48,4,2,6/10/2022
FKLYG,6EVQH,5,2,9/10/2022
FKY4L,6GV6U,2,2,2/1/2022
FL8K6,6H7N0,1,5,1/1/2022
FOTYF,6IKGL,1,2,8/19/2022
FPXIF,6J1NZ,5,5,3/16/2022
FPYNW,6J9A9,4,1,9/29/2022
FQGYY,6KA0U,1,4,5/10/2022
FSRBH,6KEJ9,4,1,3/4/2022
FUB20,6M648,1,1,4/3/2022
FUXGY,6MX7E,1,1,3/28/2022
FVB4W,6O7XW,2,3,9/5/2022
FVYUF,6OUEY,3,3,6/24/2022
FWA6A,6PA36,1,4,5/28/2022
FWS8D,6QFD3,5,4,10/3/2022
FXGRQ,6QLXH,1,4,9/19/2022
FXJW9,6R1B0,4,3,8/9/2022
G00D1,6RFUG,2,4,6/10/2022
G3TDR,6RSQM,4,3,1/13/2022
G3Z26,6S8DR,3,1,6/6/2022
G430I,6SS99,5,4,9/30/2022
G4BAF,6UD1H,4,2,8/9/2022
G8JAV,6VLT3,4,2,6/12/2022
G8VNN,6VZZH,3,2,10/27/2022
G9093,6XUOQ,1,2,9/15/2022
G909G,6Y7OF,4,3,10/3/2022
G9KLT,6YV2J,5,1,1/19/2022
GAMUW,6Z0GW,4,4,3/6/2022
GAQ3G,70QQ7,1,3,6/22/2022
GCVCB,712ON,5,2,1/25/2022
GCX9Q,717PI,4,2,4/11/2022
GDYO4,72PR7,5,2,9/30/2022
GFNR1,7456D,2,4,3/3/2022
GGDV6,74KQ3,1,3,6/23/2022
GGH7M,76J9V,5,5,7/24/2022
GGRDK,785CE,2,3,7/9/2022
GH9IO,78CNR,1,2,8/7/2022
GHY77,78M1A,2,2,8/23/2022
GIBAA,78V1D,4,4,10/21/2022
GIBBP,7AP3F,4,4,1/1/2022
GICLW,7ASVV,5,1,1/16/2022
GIJNW,7BLST,5,2,7/12/2022
GIPGW,7C8KO,1,5,5/7/2022
GJD91,7CV6O,3,1,5/2/2022
GK7R7,7D3PZ,3,4,7/1/2022
GKKI8,7D92X,5,5,1/20/2022
GM8P9,7DTDQ,5,3,6/11/2022
GMRGQ,7E5GA,5,4,3/15/2022
GMVCI,7FBX2,1,4,8/2/2022
GNBDQ,7GL41,3,5,9/3/2022
GNI6B,7I68N,1,5,2/2/2022
GOZG4,7IQA5,4,4,10/9/2022
GP1WL,7ISAX,3,2,2/20/2022
GPNTJ,7JVGI,1,3,1/6/2022
GPQ22,7KG61,3,5,6/6/2022
GSCMO,7M8II,2,5,9/21/2022
GSXRD,7MV8H,2,2,6/12/2022
GT3TI,7NHWS,4,5,5/3/2022
GTZX8,7P11Q,4,2,1/2/2022
GU3PP,7Q7LI,4,5,3/24/2022
GVAB3,7QGSO,4,5,1/6/2022
GVAJV,7QYG6,1,4,10/6/2022
GVRV3,7RFUM,3,1,10/21/2022
GW2HV,7S3SE,1,2,1/1/2022
GWCEK,7SJZ3,5,5,9/20/2022
GWS4Y,7T5UJ,4,5,7/25/2022
GX3I6,7TLQP,3,5,8/26/2022
GXBXO,7WVZG,4,3,2/7/2022
GXV1Z,7XN5B,2,5,3/15/2022
GYDH2,7YD44,3,3,2/16/2022
GZHZ2,8030B,3,5,8/25/2022
H1VZ6,806KP,2,1,9/10/2022
H2F1B,8094C,2,4,3/19/2022
H3RDT,80A8F,3,4,4/28/2022
H40RU,80DGW,1,3,4/19/2022
H5KYO,80NAD,5,3,9/25/2022
H6C82,80VSH,4,4,3/12/2022
H76NU,81H5E,5,3,2/8/2022
HBAFR,825NZ,1,3,7/4/2022
HCDNI,84243,4,3,6/4/2022
HCL4N,85HM1,2,1,9/1/2022
HEMHK,86GM6,1,4,2/1/2022
HEWAY,87HJ9,2,2,4/17/2022
HGKSA,87KJ3,3,5,6/25/2022
HGSO8,87TL4,2,4,2/14/2022
HGY3Q,88HZG,1,2,4/10/2022
HH1M7,89PH1,4,5,2/21/2022
HH5L2,8ADGX,3,2,9/11/2022
HHIUW,8AQG4,3,3,7/22/2022
HHYUU,8B94P,4,1,9/10/2022
HI202,8BS67,2,2,9/8/2022
HIKUW,8DO01,2,5,5/15/2022
HJYAF,8DXG1,5,1,2/14/2022
HL4LT,8G032,2,3,3/1/2022
HLC2X,8HANL,3,3,4/19/2022
HLPUD,8HVSN,5,1,1/8/2022
HLQ7U,8IMW3,2,4,1/17/2022
HLYRJ,8IVU9,2,5,1/16/2022
HPTBM,8K7Q8,4,2,3/21/2022
HRDSY,8LFHI,2,2,9/22/2022
HRLIG,8NP1J,5,5,4/11/2022
HS3Y5,8O45Z,5,2,8/5/2022
